Alabama,Autauga County,54571
Alabama,Baldwin County,182265
Alabama,Barbour County,27457
Alabama,Bibb County,22919
Alabama,Blount County,57322
Alabama,Bullock County,10915
Alabama,Butler County,20946
Alabama,Calhoun County,118586
Alabama,Chambers County,34170
Alabama,Cherokee County,25986
Alabama,Chilton County,43631
Alabama,Choctaw County,13858
Alabama,Clarke County,25840
Alabama,Clay County,13932
Alabama,Cleburne County,14972
Alabama,Coffee County,49948
Alabama,Colbert County,54428
Alabama,Conecuh County,13228
Alabama,Coosa County,11758
Alabama,Covington County,37765
Alabama,Crenshaw County,13906
Alabama,Cullman County,80410
Alabama,Dale County,50251
Alabama,Dallas County,43820
Alabama,DeKalb County,71115
Alabama,Elmore County,79296
Alabama,Escambia County,38319
Alabama,Etowah County,104427
Alabama,Fayette County,17241
Alabama,Franklin County,31709
Alabama,Geneva County,26790
Alabama,Greene County,9045
Alabama,Hale County,15760
Alabama,Henry County,17302
Alabama,Houston County,101547
Alabama,Jackson County,53226
Alabama,Jefferson County,658350
Alabama,Lamar County,14564
Alabama,Lauderdale County,92709
Alabama,Lawrence County,34339
Alabama,Lee County,140296
Alabama,Limestone County,82782
Alabama,Lowndes County,11299
Alabama,Macon County,21448
Alabama,Madison County,334811
Alabama,Marengo County,21029
Alabama,Marion County,30777
Alabama,Marshall County,93019
Alabama,Mobile County,413143
Alabama,Monroe County,23070
Alabama,Montgomery County,229363
Alabama,Morgan County,119486
Alabama,Perry County,10581
Alabama,Pickens County,19746
Alabama,Pike County,32899
Alabama,Randolph County,22914
Alabama,Russell County,52951
Alabama,St. Clair County,83593
Alabama,Shelby County,195218
Alabama,Sumter County,13763
Alabama,Talladega County,82291
Alabama,Tallapoosa County,41618
Alabama,Tuscaloosa County,194653
Alabama,Walker County,67023
Alabama,Washington County,17583
Alabama,Wilcox County,11665
Alabama,Winston County,24483
Alaska,Aleutians East Borough,3141
Alaska,Aleutians West Census Area,5561
Alaska,Anchorage Municipality,291826
Alaska,Bethel Census Area,17013
Alaska,Bristol Bay Borough,997
Alaska,Denali Borough,1826
Alaska,Dillingham Census Area,4847
Alaska,Fairbanks North Star Borough,97581
Alaska,Haines Borough,2508
Alaska,Hoonah-Angoon Census Area,2147
Alaska,Juneau City and Borough,31275
Alaska,Kenai Peninsula Borough,55400
Alaska,Ketchikan Gateway Borough,13479
Alaska,Kodiak Island Borough,13606
Alaska,Kusilvak Census Area,7459
Alaska,Lake and Peninsula Borough,1635
Alaska,Matanuska-Susitna Borough,88995
Alaska,Nome Census Area,9492
Alaska,North Slope Borough,9430
Alaska,Northwest Arctic Borough,7523
Alaska,Petersburg Borough,3207
Alaska,Prince of Wales-Hyder Census Area,6172
Alaska,Sitka City and Borough,8881
Alaska,Skagway Municipality,968
Alaska,Southeast Fairbanks Census Area,7029
Alaska,Valdez-Cordova Census Area,9636
Alaska,Wrangell City and Borough,2365
Alaska,Yakutat City and Borough,662
Alaska,Yukon-Koyukuk Census Area,5588
Arizona,Apache County,71518
Arizona,Cochise County,131357
Arizona,Coconino County,134437
Arizona,Gila County,53597
Arizona,Graham County,37220
Arizona,Greenlee County,8437
Arizona,La Paz County,20489
Arizona,Maricopa County,3817357
Arizona,Mohave County,200186
Arizona,Navajo County,107491
Arizona,Pima County,980263
Arizona,Pinal County,375770
Arizona,Santa Cruz County,47420
Arizona,Yavapai County,211015
Arizona,Yuma County,195750
Arkansas,Arkansas County,19018
Arkansas,Ashley County,21853
Arkansas,Baxter County,41513
Arkansas,Benton County,221344
Arkansas,Boone County,36903
Arkansas,Bradley County,11508
Arkansas,Calhoun County,5368
Arkansas,Carroll County,27446
Arkansas,Chicot County,11800
Arkansas,Clark County,22995
Arkansas,Clay County,16083
Arkansas,Cleburne County,25969
Arkansas,Cleveland County,8689
Arkansas,Columbia County,24552
Arkansas,Conway County,21271
Arkansas,Craighead County,96443
Arkansas,Crawford County,61948
Arkansas,Crittenden County,50902
Arkansas,Cross County,17866
Arkansas,Dallas County,8116
Arkansas,Desha County,13008
Arkansas,Drew County,18509
Arkansas,Faulkner County,113237
Arkansas,Franklin County,18125
Arkansas,Fulton County,12245
Arkansas,Garland County,96000
Arkansas,Grant County,17853
Arkansas,Greene County,42090
Arkansas,Hempstead County,22609
Arkansas,Hot Spring County,32923
Arkansas,Howard County,13789
Arkansas,Independence County,36647
Arkansas,Izard County,13696
Arkansas,Jackson County,17998
Arkansas,Jefferson County,77435
Arkansas,Johnson County,25540
Arkansas,Lafayette County,7645
Arkansas,Lawrence County,17411
Arkansas,Lee County,10424
Arkansas,Lincoln County,14134
Arkansas,Little River County,13168
Arkansas,Logan County,22353
Arkansas,Lonoke County,68354
Arkansas,Madison County,15720
Arkansas,Marion County,16653
Arkansas,Miller County,43462
Arkansas,Mississippi County,46480
Arkansas,Monroe County,8150
Arkansas,Montgomery County,9487
Arkansas,Nevada County,8997
Arkansas,Newton County,8330
Arkansas,Ouachita County,26121
Arkansas,Perry County,10441
Arkansas,Phillips County,21757
Arkansas,Pike County,11291
Arkansas,Poinsett County,24583
Arkansas,Polk County,20662
Arkansas,Pope County,61754
Arkansas,Prairie County,8715
Arkansas,Pulaski County,382789
Arkansas,Randolph County,17970
Arkansas,St. Francis County,28258
Arkansas,Saline County,107149
Arkansas,Scott County,11233
Arkansas,Searcy County,8195
Arkansas,Sebastian County,125744
Arkansas,Sevier County,17058
Arkansas,Sharp County,17267
Arkansas,Stone County,12394
Arkansas,Union County,41639
Arkansas,Van Buren County,17294
Arkansas,Washington County,203060
Arkansas,White County,77076
Arkansas,Woodruff County,7264
Arkansas,Yell County,22185
California,Alameda County,1510261
California,Alpine County,1175
California,Amador County,38091
California,Butte County,220000
California,Calaveras County,45578
California,Colusa County,21419
California,Contra Costa County,1049197
California,Del Norte County,28610
California,El Dorado County,181057
California,Fresno County,930452
California,Glenn County,28122
California,Humboldt County,134623
California,Imperial County,174528
California,Inyo County,18546
California,Kern County,839631
California,Kings County,152982
California,Lake County,64665
California,Lassen County,34895
California,Los Angeles County,9818700
California,Madera County,150865
California,Marin County,252409
California,Mariposa County,18250
California,Mendocino County,87840
California,Merced County,255798
California,Modoc County,9686
California,Mono County,14202
California,Monterey County,415057
California,Napa County,136530
California,Nevada County,98748
California,Orange County,3010266
California,Placer County,348494
California,Plumas County,20007
California,Riverside County,2189760
California,Sacramento County,1418742
California,San Benito County,55269
California,San Bernardino County,2035212
California,San Diego County,3095308
California,San Francisco County,805195
California,San Joaquin County,685308
California,San Luis Obispo County,269593
California,San Mateo County,718498
California,Santa Barbara County,423939
California,Santa Clara County,1781672
California,Santa Cruz County,262362
California,Shasta County,177223
California,Sierra County,3240
California,Siskiyou County,44900
California,Solano County,413344
California,Sonoma County,483880
California,Stanislaus County,514451
California,Sutter County,94737
California,Tehama County,63461
California,Trinity County,13786
California,Tulare County,442182
California,Tuolumne County,55365
California,Ventura County,823387
California,Yolo County,200850
California,Yuba County,72155
Colorado,Adams County,441687
Colorado,Alamosa County,15445
Colorado,Arapahoe County,572155
Colorado,Archuleta County,12084
Colorado,Baca County,3788
Colorado,Bent County,6499
Colorado,Boulder County,294571
Colorado,Broomfield County,55866
Colorado,Chaffee County,17809
Colorado,Cheyenne County,1836
Colorado,Clear Creek County,9075
Colorado,Conejos County,8256
Colorado,Costilla County,3524
Colorado,Crowley County,5823
Colorado,Custer County,4255
Colorado,Delta County,30952
Colorado,Denver County,599860
Colorado,Dolores County,2064
Colorado,Douglas County,285465
Colorado,Eagle County,52197
Colorado,Elbert County,23086
Colorado,El Paso County,622261
Colorado,Fremont County,46824
Colorado,Garfield County,56389
Colorado,Gilpin County,5441
Colorado,Grand County,14843
Colorado,Gunnison County,15324
Colorado,Hinsdale County,843
Colorado,Huerfano County,6711
Colorado,Jackson County,1394
Colorado,Jefferson County,534764
Colorado,Kiowa County,1398
Colorado,Kit Carson County,8270
Colorado,Lake County,7310
Colorado,La Plata County,51334
Colorado,Larimer County,299630
Colorado,Las Animas County,15507
Colorado,Lincoln County,5469
Colorado,Logan County,22709
Colorado,Mesa County,146723
Colorado,Mineral County,712
Colorado,Moffat County,13795
Colorado,Montezuma County,25535
Colorado,Montrose County,41278
Colorado,Morgan County,28159
Colorado,Otero County,18831
Colorado,Ouray County,4434
Colorado,Park County,16201
Colorado,Phillips County,4442
Colorado,Pitkin County,17148
Colorado,Prowers County,12551
Colorado,Pueblo County,159063
Colorado,Rio Blanco County,6669
Colorado,Rio Grande County,11982
Colorado,Routt County,23506
Colorado,Saguache County,6108
Colorado,San Juan County,699
Colorado,San Miguel County,7359
Colorado,Sedgwick County,2379
Colorado,Summit County,27994
Colorado,Teller County,23350
Colorado,Washington County,4814
Colorado,Weld County,252831
Colorado,Yuma County,10043
Connecticut,Fairfield County,916850
Connecticut,Hartford County,894029
Connecticut,Litchfield County,189927
Connecticut,Middlesex County,165676
Connecticut,New Haven County,862474
Connecticut,New London County,274046
Connecticut,Tolland County,152682
Connecticut,Windham County,118434
Delaware,Kent County,162349
Delaware,New Castle County,538477
Delaware,Sussex County,197110
District of Columbia,District of Columbia,601767
Florida,Alachua County,247335
Florida,Baker County,27115
Florida,Bay County,168852
Florida,Bradford County,28520
Florida,Brevard County,543378
Florida,Broward County,1748148
Florida,Calhoun County,14625
Florida,Charlotte County,159991
Florida,Citrus County,141236
Florida,Clay County,190865
Florida,Collier County,321520
Florida,Columbia County,67532
Florida,DeSoto County,34862
Florida,Dixie County,16422
Florida,Duval County,864263
Florida,Escambia County,297619
Florida,Flagler County,95696
Florida,Franklin County,11549
Florida,Gadsden County,47746
Florida,Gilchrist County,16939
Florida,Glades County,12884
Florida,Gulf County,15863
Florida,Hamilton County,14799
Florida,Hardee County,27731
Florida,Hendry County,39140
Florida,Hernando County,172775
Florida,Highlands County,98786
Florida,Hillsborough County,1229224
Florida,Holmes County,19927
Florida,Indian River County,138028
Florida,Jackson County,49761
Florida,Jefferson County,14761
Florida,Lafayette County,8870
Florida,Lake County,297046
Florida,Lee County,618754
Florida,Leon County,275480
Florida,Levy County,40801
Florida,Liberty County,8365
Florida,Madison County,19226
Florida,Manatee County,322833
Florida,Marion County,331304
Florida,Martin County,146850
Florida,Miami-Dade County,2498017
Florida,Monroe County,73090
Florida,Nassau County,73314
Florida,Okaloosa County,180822
Florida,Okeechobee County,39996
Florida,Orange County,1145954
Florida,Osceola County,268687
Florida,Palm Beach County,1320134
Florida,Pasco County,464703
Florida,Pinellas County,916812
Florida,Polk County,602095
Florida,Putnam County,74364
Florida,St. Johns County,190039
Florida,St. Lucie County,277257
Florida,Santa Rosa County,151372
Florida,Sarasota County,379435
Florida,Seminole County,422718
Florida,Sumter County,93420
Florida,Suwannee County,41551
Florida,Taylor County,22568
Florida,Union County,15535
Florida,Volusia County,494597
Florida,Wakulla County,30783
Florida,Walton County,55043
Florida,Washington County,24896
Georgia,Appling County,18236
Georgia,Atkinson County,8382
Georgia,Bacon County,11096
Georgia,Baker County,3451
Georgia,Baldwin County,45835
Georgia,Banks County,18395
Georgia,Barrow County,69367
Georgia,Bartow County,100157
Georgia,Ben Hill County,17634
Georgia,Berrien County,19286
Georgia,Bibb County,155512
Georgia,Bleckley County,13063
Georgia,Brantley County,18410
Georgia,Brooks County,16324
Georgia,Bryan County,30238
Georgia,Bulloch County,70217
Georgia,Burke County,23316
Georgia,Butts County,23655
Georgia,Calhoun County,6694
Georgia,Camden County,50513
Georgia,Candler County,10998
Georgia,Carroll County,110591
Georgia,Catoosa County,63940
Georgia,Charlton County,12171
Georgia,Chatham County,265133
Georgia,Chattahoochee County,11267
Georgia,Chattooga County,26015
Georgia,Cherokee County,214346
Georgia,Clarke County,116707
Georgia,Clay County,3183
Georgia,Clayton County,259470
Georgia,Clinch County,6798
Georgia,Cobb County,688076
Georgia,Coffee County,42356
Georgia,Colquitt County,45498
Georgia,Columbia County,124059
Georgia,Cook County,17212
Georgia,Coweta County,127317
Georgia,Crawford County,12630
Georgia,Crisp County,23439
Georgia,Dade County,16633
Georgia,Dawson County,22339
Georgia,Decatur County,27842
Georgia,DeKalb County,691891
Georgia,Dodge County,21797
Georgia,Dooly County,14918
Georgia,Dougherty County,94565
Georgia,Douglas County,132339
Georgia,Early County,11004
Georgia,Echols County,4034
Georgia,Effingham County,52250
Georgia,Elbert County,20166
Georgia,Emanuel County,22594
Georgia,Evans County,11001
Georgia,Fannin County,23693
Georgia,Fayette County,106566
Georgia,Floyd County,96317
Georgia,Forsyth County,175511
Georgia,Franklin County,22084
Georgia,Fulton County,920579
Georgia,Gilmer County,28281
Georgia,Glascock County,3082
Georgia,Glynn County,79626
Georgia,Gordon County,55186
Georgia,Grady County,25012
Georgia,Greene County,15994
Georgia,Gwinnett County,805324
Georgia,Habersham County,43041
Georgia,Hall County,179684
Georgia,Hancock County,9402
Georgia,Haralson County,28780
Georgia,Harris County,32026
Georgia,Hart County,25213
Georgia,Heard County,11834
Georgia,Henry County,203879
Georgia,Houston County,139912
Georgia,Irwin County,9538
Georgia,Jackson County,60485
Georgia,Jasper County,13900
Georgia,Jeff Davis County,15068
Georgia,Jefferson County,16930
Georgia,Jenkins County,8340
Georgia,Johnson County,9984
Georgia,Jones County,28669
Georgia,Lamar County,18317
Georgia,Lanier County,10074
Georgia,Laurens County,48434
Georgia,Lee County,28298
Georgia,Liberty County,63472
Georgia,Lincoln County,7996
Georgia,Long County,14445
Georgia,Lowndes County,109233
Georgia,Lumpkin County,29966
Georgia,McDuffie County,21869
Georgia,McIntosh County,14332
Georgia,Macon County,14740
Georgia,Madison County,28120
Georgia,Marion County,8742
Georgia,Meriwether County,21992
Georgia,Miller County,6129
Georgia,Mitchell County,23498
Georgia,Monroe County,26459
Georgia,Montgomery County,9123
Georgia,Morgan County,17868
Georgia,Murray County,39628
Georgia,Muscogee County,190545
Georgia,Newton County,99958
Georgia,Oconee County,32815
Georgia,Oglethorpe County,14899
Georgia,Paulding County,142324
Georgia,Peach County,27694
Georgia,Pickens County,29422
Georgia,Pierce County,18758
Georgia,Pike County,17869
Georgia,Polk County,41475
Georgia,Pulaski County,11999
Georgia,Putnam County,21218
Georgia,Quitman County,2513
Georgia,Rabun County,16276
Georgia,Randolph County,7719
Georgia,Richmond County,200549
Georgia,Rockdale County,85215
Georgia,Schley County,5010
Georgia,Screven County,14593
Georgia,Seminole County,8729
Georgia,Spalding County,64073
Georgia,Stephens County,26172
Georgia,Stewart County,6058
Georgia,Sumter County,32817
Georgia,Talbot County,6863
Georgia,Taliaferro County,1717
Georgia,Tattnall County,25519
Georgia,Taylor County,8906
Georgia,Telfair County,16500
Georgia,Terrell County,9507
Georgia,Thomas County,44719
Georgia,Tift County,40122
Georgia,Toombs County,27223
Georgia,Towns County,10471
Georgia,Treutlen County,6885
Georgia,Troup County,67044
Georgia,Turner County,8930
Georgia,Twiggs County,9023
Georgia,Union County,21359
Georgia,Upson County,27153
Georgia,Walker County,68756
Georgia,Walton County,83768
Georgia,Ware County,36306
Georgia,Warren County,5834
Georgia,Washington County,21187
Georgia,Wayne County,30099
Georgia,Webster County,2801
Georgia,Wheeler County,7421
Georgia,White County,27144
Georgia,Whitfield County,102599
Georgia,Wilcox County,9255
Georgia,Wilkes County,10593
Georgia,Wilkinson County,9563
Georgia,Worth County,21679
Hawaii,Hawaii County,185079
Hawaii,Honolulu County,953207
Hawaii,Kalawao County,90
Hawaii,Kauai County,67090
Hawaii,Maui County,154835
Idaho,Ada County,392365
Idaho,Adams County,3976
Idaho,Bannock County,82839
Idaho,Bear Lake County,5986
Idaho,Benewah County,9285
Idaho,Bingham County,45607
Idaho,Blaine County,21378
Idaho,Boise County,7028
Idaho,Bonner County,40877
Idaho,Bonneville County,104304
Idaho,Boundary County,10972
Idaho,Butte County,2893
Idaho,Camas County,1117
Idaho,Canyon County,188923
Idaho,Caribou County,6963
Idaho,Cassia County,22958
Idaho,Clark County,982
Idaho,Clearwater County,8761
Idaho,Custer County,4366
Idaho,Elmore County,27038
Idaho,Franklin County,12786
Idaho,Fremont County,13242
Idaho,Gem County,16719
Idaho,Gooding County,15464
Idaho,Idaho County,16267
Idaho,Jefferson County,26140
Idaho,Jerome County,22374
Idaho,Kootenai County,138494
Idaho,Latah County,37244
Idaho,Lemhi County,7936
Idaho,Lewis County,3821
Idaho,Lincoln County,5206
Idaho,Madison County,37536
Idaho,Minidoka County,20063
Idaho,Nez Perce County,39265
Idaho,Oneida County,4286
Idaho,Owyhee County,11526
Idaho,Payette County,22623
Idaho,Power County,7817
Idaho,Shoshone County,12765
Idaho,Teton County,10170
Idaho,Twin Falls County,77230
Idaho,Valley County,9862
Idaho,Washington County,10198
Illinois,Adams County,67103
Illinois,Alexander County,8238
Illinois,Bond County,17768
Illinois,Boone County,54167
Illinois,Brown County,6937
Illinois,Bureau County,34978
Illinois,Calhoun County,5089
Illinois,Carroll County,15388
Illinois,Cass County,13638
Illinois,Champaign County,201081
Illinois,Christian County,34800
Illinois,Clark County,16335
Illinois,Clay County,13815
Illinois,Clinton County,37762
Illinois,Coles County,53873
Illinois,Cook County,5195022
Illinois,Crawford County,19817
Illinois,Cumberland County,11048
Illinois,DeKalb County,105160
Illinois,De Witt County,16561
Illinois,Douglas County,19982
Illinois,DuPage County,916892
Illinois,Edgar County,18576
Illinois,Edwards County,6721
Illinois,Effingham County,34242
Illinois,Fayette County,22142
Illinois,Ford County,14081
Illinois,Franklin County,39989
Illinois,Fulton County,37069
Illinois,Gallatin County,5589
Illinois,Greene County,13886
Illinois,Grundy County,50063
Illinois,Hamilton County,8457
Illinois,Hancock County,19104
Illinois,Hardin County,4320
Illinois,Henderson County,7328
Illinois,Henry County,50485
Illinois,Iroquois County,29718
Illinois,Jackson County,60218
Illinois,Jasper County,9698
Illinois,Jefferson County,38825
Illinois,Jersey County,22985
Illinois,Jo Daviess County,22677
Illinois,Johnson County,12582
Illinois,Kane County,515306
Illinois,Kankakee County,113449
Illinois,Kendall County,114721
Illinois,Knox County,52919
Illinois,Lake County,703409
Illinois,LaSalle County,113922
Illinois,Lawrence County,16903
Illinois,Lee County,36031
Illinois,Livingston County,38950
Illinois,Logan County,30305
Illinois,McDonough County,32612
Illinois,McHenry County,308826
Illinois,McLean County,169572
Illinois,Macon County,110768
Illinois,Macoupin County,47765
Illinois,Madison County,269328
Illinois,Marion County,39437
Illinois,Marshall County,12640
Illinois,Mason County,14666
Illinois,Massac County,15429
Illinois,Menard County,12705
Illinois,Mercer County,16434
Illinois,Monroe County,32957
Illinois,Montgomery County,30104
Illinois,Morgan County,35551
Illinois,Moultrie County,14846
Illinois,Ogle County,53497
Illinois,Peoria County,186494
Illinois,Perry County,22350
Illinois,Piatt County,16727
Illinois,Pike County,16430
Illinois,Pope County,4470
Illinois,Pulaski County,6161
Illinois,Putnam County,6006
Illinois,Randolph County,33476
Illinois,Richland County,16233
Illinois,Rock Island County,147546
Illinois,St. Clair County,270063
Illinois,Saline County,24913
Illinois,Sangamon County,197465
Illinois,Schuyler County,7544
Illinois,Scott County,5355
Illinois,Shelby County,22363
Illinois,Stark County,5994
Illinois,Stephenson County,47711
Illinois,Tazewell County,135394
Illinois,Union County,17808
Illinois,Vermilion County,81625
Illinois,Wabash County,11947
Illinois,Warren County,17710
Illinois,Washington County,14716
Illinois,Wayne County,16760
Illinois,White County,14665
Illinois,Whiteside County,58498
Illinois,Will County,677574
Illinois,Williamson County,66362
Illinois,Winnebago County,295264
Illinois,Woodford County,38664
Indiana,Adams County,34387
Indiana,Allen County,355327
Indiana,Bartholomew County,76786
Indiana,Benton County,8836
Indiana,Blackford County,12766
Indiana,Boone County,56638
Indiana,Brown County,15242
Indiana,Carroll County,20159
Indiana,Cass County,38966
Indiana,Clark County,110234
Indiana,Clay County,26887
Indiana,Clinton County,33219
Indiana,Crawford County,10713
Indiana,Daviess County,31654
Indiana,Dearborn County,50047
Indiana,Decatur County,25740
Indiana,DeKalb County,42223
Indiana,Delaware County,117671
Indiana,Dubois County,41889
Indiana,Elkhart County,197561
Indiana,Fayette County,24302
Indiana,Floyd County,74578
Indiana,Fountain County,17238
Indiana,Franklin County,23087
Indiana,Fulton County,20836
Indiana,Gibson County,33503
Indiana,Grant County,70063
Indiana,Greene County,33164
Indiana,Hamilton County,274569
Indiana,Hancock County,70045
Indiana,Harrison County,39364
Indiana,Hendricks County,145412
Indiana,Henry County,49462
Indiana,Howard County,82752
Indiana,Huntington County,37124
Indiana,Jackson County,42380
Indiana,Jasper County,33478
Indiana,Jay County,21253
Indiana,Jefferson County,32428
Indiana,Jennings County,28525
Indiana,Johnson County,139867
Indiana,Knox County,38440
Indiana,Kosciusko County,77356
Indiana,LaGrange County,37130
Indiana,Lake County,496069
Indiana,LaPorte County,111467
Indiana,Lawrence County,46129
Indiana,Madison County,131636
Indiana,Marion County,903389
Indiana,Marshall County,47047
Indiana,Martin County,10378
Indiana,Miami County,36903
Indiana,Monroe County,137959
Indiana,Montgomery County,38126
Indiana,Morgan County,68939
Indiana,Newton County,14244
Indiana,Noble County,47536
Indiana,Ohio County,6128
Indiana,Orange County,19840
Indiana,Owen County,21583
Indiana,Parke County,17354
Indiana,Perry County,19338
Indiana,Pike County,12844
Indiana,Porter County,164347
Indiana,Posey County,25910
Indiana,Pulaski County,13402
Indiana,Putnam County,37952
Indiana,Randolph County,26171
Indiana,Ripley County,28818
Indiana,Rush County,17392
Indiana,St. Joseph County,266929
Indiana,Scott County,24181
Indiana,Shelby County,44393
Indiana,Spencer County,20952
Indiana,Starke County,23363
Indiana,Steuben County,34183
Indiana,Sullivan County,21475
Indiana,Switzerland County,10613
Indiana,Tippecanoe County,172803
Indiana,Tipton County,15936
Indiana,Union County,7516
Indiana,Vanderburgh County,179703
Indiana,Vermillion County,16212
Indiana,Vigo County,107848
Indiana,Wabash County,32888
Indiana,Warren County,8508
Indiana,Warrick County,59689
Indiana,Washington County,28262
Indiana,Wayne County,69003
Indiana,Wells County,27636
Indiana,White County,24643
Indiana,Whitley County,33291
Iowa,Adair County,7682
Iowa,Adams County,4029
Iowa,Allamakee County,14328
Iowa,Appanoose County,12887
Iowa,Audubon County,6119
Iowa,Benton County,26076
Iowa,Black Hawk County,131090
Iowa,Boone County,26306
Iowa,Bremer County,24276
Iowa,Buchanan County,20958
Iowa,Buena Vista County,20260
Iowa,Butler County,14867
Iowa,Calhoun County,10177
Iowa,Carroll County,20816
Iowa,Cass County,13956
Iowa,Cedar County,18495
Iowa,Cerro Gordo County,44151
Iowa,Cherokee County,12072
Iowa,Chickasaw County,12439
Iowa,Clarke County,9286
Iowa,Clay County,16667
Iowa,Clayton County,18129
Iowa,Clinton County,49116
Iowa,Crawford County,17096
Iowa,Dallas County,66137
Iowa,Davis County,8753
Iowa,Decatur County,8457
Iowa,Delaware County,17764
Iowa,Des Moines County,40325
Iowa,Dickinson County,16667
Iowa,Dubuque County,93653
Iowa,Emmet County,10302
Iowa,Fayette County,20880
Iowa,Floyd County,16303
Iowa,Franklin County,10680
Iowa,Fremont County,7441
Iowa,Greene County,9337
Iowa,Grundy County,12453
Iowa,Guthrie County,10954
Iowa,Hamilton County,15673
Iowa,Hancock County,11341
Iowa,Hardin County,17534
Iowa,Harrison County,14937
Iowa,Henry County,20145
Iowa,Howard County,9566
Iowa,Humboldt County,9814
Iowa,Ida County,7089
Iowa,Iowa County,16355
Iowa,Jackson County,19848
Iowa,Jasper County,36842
Iowa,Jefferson County,16843
Iowa,Johnson County,130882
Iowa,Jones County,20638
Iowa,Keokuk County,10511
Iowa,Kossuth County,15543
Iowa,Lee County,35862
Iowa,Linn County,211226
Iowa,Louisa County,11387
Iowa,Lucas County,8898
Iowa,Lyon County,11581
Iowa,Madison County,15679
Iowa,Mahaska County,22381
Iowa,Marion County,33309
Iowa,Marshall County,40648
Iowa,Mills County,15059
Iowa,Mitchell County,10772
Iowa,Monona County,9243
Iowa,Monroe County,7970
Iowa,Montgomery County,10740
Iowa,Muscatine County,42749
Iowa,O'Brien County,14398
Iowa,Osceola County,6462
Iowa,Page County,15943
Iowa,Palo Alto County,9421
Iowa,Plymouth County,24981
Iowa,Pocahontas County,7310
Iowa,Polk County,430635
Iowa,Pottawattamie County,93149
Iowa,Poweshiek County,18914
Iowa,Ringgold County,5131
Iowa,Sac County,10350
Iowa,Scott County,165224
Iowa,Shelby County,12167
Iowa,Sioux County,33704
Iowa,Story County,89542
Iowa,Tama County,17767
Iowa,Taylor County,6317
Iowa,Union County,12534
Iowa,Van Buren County,7570
Iowa,Wapello County,35625
Iowa,Warren County,46228
Iowa,Washington County,21704
Iowa,Wayne County,6403
Iowa,Webster County,38013
Iowa,Winnebago County,10866
Iowa,Winneshiek County,21058
Iowa,Woodbury County,102177
Iowa,Worth County,7598
Iowa,Wright County,13229
Kansas,Allen County,13371
Kansas,Anderson County,8102
Kansas,Atchison County,16924
Kansas,Barber County,4861
Kansas,Barton County,27674
Kansas,Bourbon County,15173
Kansas,Brown County,9984
Kansas,Butler County,65880
Kansas,Chase County,2790
Kansas,Chautauqua County,3669
Kansas,Cherokee County,21603
Kansas,Cheyenne County,2726
Kansas,Clark County,2215
Kansas,Clay County,8535
Kansas,Cloud County,9533
Kansas,Coffey County,8601
Kansas,Comanche County,1891
Kansas,Cowley County,36311
Kansas,Crawford County,39134
Kansas,Decatur County,2961
Kansas,Dickinson County,19754
Kansas,Doniphan County,7945
Kansas,Douglas County,110826
Kansas,Edwards County,3037
Kansas,Elk County,2882
Kansas,Ellis County,28452
Kansas,Ellsworth County,6497
Kansas,Finney County,36776
Kansas,Ford County,33848
Kansas,Franklin County,25996
Kansas,Geary County,34362
Kansas,Gove County,2695
Kansas,Graham County,2597
Kansas,Grant County,7829
Kansas,Gray County,6006
Kansas,Greeley County,1247
Kansas,Greenwood County,6689
Kansas,Hamilton County,2690
Kansas,Harper County,6034
Kansas,Harvey County,34684
Kansas,Haskell County,4256
Kansas,Hodgeman County,1916
Kansas,Jackson County,13462
Kansas,Jefferson County,19124
Kansas,Jewell County,3077
Kansas,Johnson County,544179
Kansas,Kearny County,3977
Kansas,Kingman County,7858
Kansas,Kiowa County,2553
Kansas,Labette County,21607
Kansas,Lane County,1750
Kansas,Leavenworth County,76227
Kansas,Lincoln County,3241
Kansas,Linn County,9656
Kansas,Logan County,2756
Kansas,Lyon County,33690
Kansas,McPherson County,29180
Kansas,Marion County,12660
Kansas,Marshall County,10117
Kansas,Meade County,4575
Kansas,Miami County,32783
Kansas,Mitchell County,6373
Kansas,Montgomery County,35471
Kansas,Morris County,5923
Kansas,Morton County,3233
Kansas,Nemaha County,10178
Kansas,Neosho County,16512
Kansas,Ness County,3107
Kansas,Norton County,5671
Kansas,Osage County,16295
Kansas,Osborne County,3858
Kansas,Ottawa County,6091
Kansas,Pawnee County,6973
Kansas,Phillips County,5642
Kansas,Pottawatomie County,21604
Kansas,Pratt County,9656
Kansas,Rawlins County,2519
Kansas,Reno County,64511
Kansas,Republic County,4980
Kansas,Rice County,10083
Kansas,Riley County,71131
Kansas,Rooks County,5181
Kansas,Rush County,3307
Kansas,Russell County,6970
Kansas,Saline County,55606
Kansas,Scott County,4936
Kansas,Sedgwick County,498365
Kansas,Seward County,22952
Kansas,Shawnee County,177934
Kansas,Sheridan County,2556
Kansas,Sherman County,6010
Kansas,Smith County,3853
Kansas,Stafford County,4437
Kansas,Stanton County,2235
Kansas,Stevens County,5724
Kansas,Sumner County,24132
Kansas,Thomas County,7900
Kansas,Trego County,3001
Kansas,Wabaunsee County,7053
Kansas,Wallace County,1485
Kansas,Washington County,5799
Kansas,Wichita County,2234
Kansas,Wilson County,9409
Kansas,Woodson County,3309
Kansas,Wyandotte County,157505
Kentucky,Adair County,18656
Kentucky,Allen County,19967
Kentucky,Anderson County,21421
Kentucky,Ballard County,8247
Kentucky,Barren County,42173
Kentucky,Bath County,11591
Kentucky,Bell County,28691
Kentucky,Boone County,118811
Kentucky,Bourbon County,19985
Kentucky,Boyd County,49538
Kentucky,Boyle County,28420
Kentucky,Bracken County,8488
Kentucky,Breathitt County,13876
Kentucky,Breckinridge County,20042
Kentucky,Bullitt County,74321
Kentucky,Butler County,12690
Kentucky,Caldwell County,12984
Kentucky,Calloway County,37191
Kentucky,Campbell County,90336
Kentucky,Carlisle County,5104
Kentucky,Carroll County,10811
Kentucky,Carter County,27718
Kentucky,Casey County,15952
Kentucky,Christian County,73939
Kentucky,Clark County,35613
Kentucky,Clay County,21730
Kentucky,Clinton County,10272
Kentucky,Crittenden County,9315
Kentucky,Cumberland County,6856
Kentucky,Daviess County,96658
Kentucky,Edmonson County,12161
Kentucky,Elliott County,7852
Kentucky,Estill County,14672
Kentucky,Fayette County,295803
Kentucky,Fleming County,14355
Kentucky,Floyd County,39451
Kentucky,Franklin County,49285
Kentucky,Fulton County,6813
Kentucky,Gallatin County,8589
Kentucky,Garrard County,16912
Kentucky,Grant County,24662
Kentucky,Graves County,37121
Kentucky,Grayson County,25746
Kentucky,Green County,11260
Kentucky,Greenup County,36914
Kentucky,Hancock County,8565
Kentucky,Hardin County,105537
Kentucky,Harlan County,29278
Kentucky,Harrison County,18849
Kentucky,Hart County,18199
Kentucky,Henderson County,46250
Kentucky,Henry County,15414
Kentucky,Hickman County,4902
Kentucky,Hopkins County,46920
Kentucky,Jackson County,13494
Kentucky,Jefferson County,741085
Kentucky,Jessamine County,48586
Kentucky,Johnson County,23358
Kentucky,Kenton County,159721
Kentucky,Knott County,16346
Kentucky,Knox County,31883
Kentucky,Larue County,14193
Kentucky,Laurel County,58849
Kentucky,Lawrence County,15858
Kentucky,Lee County,7889
Kentucky,Leslie County,11310
Kentucky,Letcher County,24519
Kentucky,Lewis County,13872
Kentucky,Lincoln County,24754
Kentucky,Livingston County,9519
Kentucky,Logan County,26835
Kentucky,Lyon County,8319
Kentucky,McCracken County,65565
Kentucky,McCreary County,18306
Kentucky,McLean County,9531
Kentucky,Madison County,82916
Kentucky,Magoffin County,13333
Kentucky,Marion County,19820
Kentucky,Marshall County,31448
Kentucky,Martin County,12929
Kentucky,Mason County,17490
Kentucky,Meade County,28621
Kentucky,Menifee County,6306
Kentucky,Mercer County,21331
Kentucky,Metcalfe County,10099
Kentucky,Monroe County,10963
Kentucky,Montgomery County,26499
Kentucky,Morgan County,13923
Kentucky,Muhlenberg County,31499
Kentucky,Nelson County,43437
Kentucky,Nicholas County,7128
Kentucky,Ohio County,23842
Kentucky,Oldham County,60335
Kentucky,Owen County,10838
Kentucky,Owsley County,4755
Kentucky,Pendleton County,14876
Kentucky,Perry County,28712
Kentucky,Pike County,65024
Kentucky,Powell County,12613
Kentucky,Pulaski County,63063
Kentucky,Robertson County,2282
Kentucky,Rockcastle County,17056
Kentucky,Rowan County,23333
Kentucky,Russell County,17568
Kentucky,Scott County,47173
Kentucky,Shelby County,42066
Kentucky,Simpson County,17327
Kentucky,Spencer County,17061
Kentucky,Taylor County,24512
Kentucky,Todd County,12460
Kentucky,Trigg County,14334
Kentucky,Trimble County,8809
Kentucky,Union County,15007
Kentucky,Warren County,113781
Kentucky,Washington County,11717
Kentucky,Wayne County,20813
Kentucky,Webster County,13621
Kentucky,Whitley County,35637
Kentucky,Wolfe County,7355
Kentucky,Woodford County,24939
Louisiana,Acadia Parish,61773
Louisiana,Allen Parish,25764
Louisiana,Ascension Parish,107194
Louisiana,Assumption Parish,23421
Louisiana,Avoyelles Parish,42073
Louisiana,Beauregard Parish,35654
Louisiana,Bienville Parish,14353
Louisiana,Bossier Parish,116979
Louisiana,Caddo Parish,254969
Louisiana,Calcasieu Parish,192770
Louisiana,Caldwell Parish,10132
Louisiana,Cameron Parish,6859
Louisiana,Catahoula Parish,10407
Louisiana,Claiborne Parish,17195
Louisiana,Concordia Parish,20822
Louisiana,De Soto Parish,26656
Louisiana,East Baton Rouge Parish,440178
Louisiana,East Carroll Parish,7759
Louisiana,East Feliciana Parish,20263
Louisiana,Evangeline Parish,33984
Louisiana,Franklin Parish,20767
Louisiana,Grant Parish,22309
Louisiana,Iberia Parish,73240
Louisiana,Iberville Parish,33407
Louisiana,Jackson Parish,16274
Louisiana,Jefferson Parish,432552
Louisiana,Jefferson Davis Parish,31594
Louisiana,Lafayette Parish,221571
Louisiana,Lafourche Parish,96592
Louisiana,LaSalle Parish,14890
Louisiana,Lincoln Parish,46735
Louisiana,Livingston Parish,128040
Louisiana,Madison Parish,12099
Louisiana,Morehouse Parish,27979
Louisiana,Natchitoches Parish,39566
Louisiana,Orleans Parish,343829
Louisiana,Ouachita Parish,153720
Louisiana,Plaquemines Parish,23042
Louisiana,Pointe Coupee Parish,22802
Louisiana,Rapides Parish,131613
Louisiana,Red River Parish,9091
Louisiana,Richland Parish,20725
Louisiana,Sabine Parish,24233
Louisiana,St. Bernard Parish,35897
Louisiana,St. Charles Parish,52887
Louisiana,St. Helena Parish,11203
Louisiana,St. James Parish,22102
Louisiana,St. John the Baptist Parish,45817
Louisiana,St. Landry Parish,83384
Louisiana,St. Martin Parish,52167
Louisiana,St. Mary Parish,54650
Louisiana,St. Tammany Parish,233737
Louisiana,Tangipahoa Parish,121101
Louisiana,Tensas Parish,5252
Louisiana,Terrebonne Parish,111584
Louisiana,Union Parish,22782
Louisiana,Vermilion Parish,57999
Louisiana,Vernon Parish,52334
Louisiana,Washington Parish,47171
Louisiana,Webster Parish,41207
Louisiana,West Baton Rouge Parish,23788
Louisiana,West Carroll Parish,11604
Louisiana,West Feliciana Parish,15625
Louisiana,Winn Parish,15313
Maine,Androscoggin County,107702
Maine,Aroostook County,71871
Maine,Cumberland County,281673
Maine,Franklin County,30768
Maine,Hancock County,54420
Maine,Kennebec County,122151
Maine,Knox County,39736
Maine,Lincoln County,34457
Maine,Oxford County,57831
Maine,Penobscot County,153920
Maine,Piscataquis County,17535
Maine,Sagadahoc County,35293
Maine,Somerset County,52228
Maine,Waldo County,38786
Maine,Washington County,32856
Maine,York County,197134
Maryland,Allegany County,75087
Maryland,Anne Arundel County,537654
Maryland,Baltimore County,804953
Maryland,Calvert County,88737
Maryland,Caroline County,33088
Maryland,Carroll County,167138
Maryland,Cecil County,101108
Maryland,Charles County,146551
Maryland,Dorchester County,32618
Maryland,Frederick County,233385
Maryland,Garrett County,30097
Maryland,Harford County,244826
Maryland,Howard County,287085
Maryland,Kent County,20197
Maryland,Montgomery County,971806
Maryland,Prince George's County,863519
Maryland,Queen Anne's County,47776
Maryland,St. Mary's County,105151
Maryland,Somerset County,26470
Maryland,Talbot County,37782
Maryland,Washington County,147430
Maryland,Wicomico County,98733
Maryland,Worcester County,51451
Maryland,Baltimore city,621143
Massachusetts,Barnstable County,215888
Massachusetts,Berkshire County,131272
Massachusetts,Bristol County,548285
Massachusetts,Dukes County,16535
Massachusetts,Essex County,743175
Massachusetts,Franklin County,71372
Massachusetts,Hampden County,463625
Massachusetts,Hampshire County,158080
Massachusetts,Middlesex County,1503126
Massachusetts,Nantucket County,10172
Massachusetts,Norfolk County,670743
Massachusetts,Plymouth County,494915
Massachusetts,Suffolk County,722087
Massachusetts,Worcester County,798542
Michigan,Alcona County,10942
Michigan,Alger County,9601
Michigan,Allegan County,111408
Michigan,Alpena County,29598
Michigan,Antrim County,23580
Michigan,Arenac County,15899
Michigan,Baraga County,8860
Michigan,Barry County,59175
Michigan,Bay County,107771
Michigan,Benzie County,17525
Michigan,Berrien County,156817
Michigan,Branch County,45248
Michigan,Calhoun County,136148
Michigan,Cass County,52286
Michigan,Charlevoix County,25949
Michigan,Cheboygan County,26150
Michigan,Chippewa County,38673
Michigan,Clare County,30926
Michigan,Clinton County,75382
Michigan,Crawford County,14074
Michigan,Delta County,37069
Michigan,Dickinson County,26168
Michigan,Eaton County,107759
Michigan,Emmet County,32694
Michigan,Genesee County,425790
Michigan,Gladwin County,25692
Michigan,Gogebic County,16427
Michigan,Grand Traverse County,86986
Michigan,Gratiot County,42476
Michigan,Hillsdale County,46688
Michigan,Houghton County,36628
Michigan,Huron County,33118
Michigan,Ingham County,280891
Michigan,Ionia County,63905
Michigan,Iosco County,25887
Michigan,Iron County,11817
Michigan,Isabella County,70311
Michigan,Jackson County,160248
Michigan,Kalamazoo County,250327
Michigan,Kalkaska County,17153
Michigan,Kent County,602622
Michigan,Keweenaw County,2156
Michigan,Lake County,11539
Michigan,Lapeer County,88316
Michigan,Leelanau County,21708
Michigan,Lenawee County,99892
Michigan,Livingston County,180967
Michigan,Luce County,6631
Michigan,Mackinac County,11113
Michigan,Macomb County,840987
Michigan,Manistee County,24733
Michigan,Marquette County,67077
Michigan,Mason County,28705
Michigan,Mecosta County,42798
Michigan,Menominee County,24029
Michigan,Midland County,83629
Michigan,Missaukee County,14849
Michigan,Monroe County,152021
Michigan,Montcalm County,63342
Michigan,Montmorency County,9765
Michigan,Muskegon County,172188
Michigan,Newaygo County,48460
Michigan,Oakland County,1202362
Michigan,Oceana County,26570
Michigan,Ogemaw County,21699
Michigan,Ontonagon County,6780
Michigan,Osceola County,23528
Michigan,Oscoda County,8640
Michigan,Otsego County,24164
Michigan,Ottawa County,263801
Michigan,Presque Isle County,13376
Michigan,Roscommon County,24449
Michigan,Saginaw County,200169
Michigan,St. Clair County,163040
Michigan,St. Joseph County,61295
Michigan,Sanilac County,43114
Michigan,Schoolcraft County,8485
Michigan,Shiawassee County,70648
Michigan,Tuscola County,55729
Michigan,Van Buren County,76265
Michigan,Washtenaw County,345066
Michigan,Wayne County,1820641
Michigan,Wexford County,32735
Minnesota,Aitkin County,16202
Minnesota,Anoka County,330844
Minnesota,Becker County,32504
Minnesota,Beltrami County,44442
Minnesota,Benton County,38451
Minnesota,Big Stone County,5269
Minnesota,Blue Earth County,64013
Minnesota,Brown County,25893
Minnesota,Carlton County,35386
Minnesota,Carver County,91079
Minnesota,Cass County,28567
Minnesota,Chippewa County,12441
Minnesota,Chisago County,53887
Minnesota,Clay County,58999
Minnesota,Clearwater County,8695
Minnesota,Cook County,5176
Minnesota,Cottonwood County,11687
Minnesota,Crow Wing County,62500
Minnesota,Dakota County,398552
Minnesota,Dodge County,20087
Minnesota,Douglas County,36009
Minnesota,Faribault County,14553
Minnesota,Fillmore County,20866
Minnesota,Freeborn County,31255
Minnesota,Goodhue County,46183
Minnesota,Grant County,6018
Minnesota,Hennepin County,1152388
Minnesota,Houston County,19027
Minnesota,Hubbard County,20428
Minnesota,Isanti County,37816
Minnesota,Itasca County,45058
Minnesota,Jackson County,10266
Minnesota,Kanabec County,16239
Minnesota,Kandiyohi County,42239
Minnesota,Kittson County,4552
Minnesota,Koochiching County,13311
Minnesota,Lac qui Parle County,7259
Minnesota,Lake County,10866
Minnesota,Lake of the Woods County,4045
Minnesota,Le Sueur County,27703
Minnesota,Lincoln County,5896
Minnesota,Lyon County,25857
Minnesota,McLeod County,36651
Minnesota,Mahnomen County,5413
Minnesota,Marshall County,9439
Minnesota,Martin County,20840
Minnesota,Meeker County,23300
Minnesota,Mille Lacs County,26097
Minnesota,Morrison County,33198
Minnesota,Mower County,39163
Minnesota,Murray County,8725
Minnesota,Nicollet County,32727
Minnesota,Nobles County,21378
Minnesota,Norman County,6852
Minnesota,Olmsted County,144260
Minnesota,Otter Tail County,57303
Minnesota,Pennington County,13930
Minnesota,Pine County,29750
Minnesota,Pipestone County,9596
Minnesota,Polk County,31600
Minnesota,Pope County,10995
Minnesota,Ramsey County,508640
Minnesota,Red Lake County,4089
Minnesota,Redwood County,16059
Minnesota,Renville County,15730
Minnesota,Rice County,64144
Minnesota,Rock County,9687
Minnesota,Roseau County,15629
Minnesota,St. Louis County,200226
Minnesota,Scott County,129928
Minnesota,Sherburne County,88499
Minnesota,Sibley County,15226
Minnesota,Stearns County,150642
Minnesota,Steele County,36576
Minnesota,Stevens County,9726
Minnesota,Swift County,9783
Minnesota,Todd County,24895
Minnesota,Traverse County,3558
Minnesota,Wabasha County,21664
Minnesota,Wadena County,13843
Minnesota,Waseca County,19136
Minnesota,Washington County,238134
Minnesota,Watonwan County,11211
Minnesota,Wilkin County,6576
Minnesota,Winona County,51461
Minnesota,Wright County,124700
Minnesota,Yellow Medicine County,10438
Mississippi,Adams County,32297
Mississippi,Alcorn County,37057
Mississippi,Amite County,13128
Mississippi,Attala County,19564
Mississippi,Benton County,8730
Mississippi,Bolivar County,34148
Mississippi,Calhoun County,14962
Mississippi,Carroll County,10597
Mississippi,Chickasaw County,17392
Mississippi,Choctaw County,8548
Mississippi,Claiborne County,9598
Mississippi,Clarke County,16732
Mississippi,Clay County,20634
Mississippi,Coahoma County,26145
Mississippi,Copiah County,29449
Mississippi,Covington County,19571
Mississippi,DeSoto County,161264
Mississippi,Forrest County,74932
Mississippi,Franklin County,8118
Mississippi,George County,22579
Mississippi,Greene County,14395
Mississippi,Grenada County,21906
Mississippi,Hancock County,44014
Mississippi,Harrison County,187105
Mississippi,Hinds County,245365
Mississippi,Holmes County,19478
Mississippi,Humphreys County,9375
Mississippi,Issaquena County,1406
Mississippi,Itawamba County,23401
Mississippi,Jackson County,139668
Mississippi,Jasper County,17062
Mississippi,Jefferson County,7732
Mississippi,Jefferson Davis County,12480
Mississippi,Jones County,67761
Mississippi,Kemper County,10461
Mississippi,Lafayette County,47359
Mississippi,Lamar County,55675
Mississippi,Lauderdale County,80261
Mississippi,Lawrence County,12929
Mississippi,Leake County,23803
Mississippi,Lee County,82910
Mississippi,Leflore County,32317
Mississippi,Lincoln County,34869
Mississippi,Lowndes County,59779
Mississippi,Madison County,95203
Mississippi,Marion County,27081
Mississippi,Marshall County,37139
Mississippi,Monroe County,36989
Mississippi,Montgomery County,10925
Mississippi,Neshoba County,29673
Mississippi,Newton County,21720
Mississippi,Noxubee County,11545
Mississippi,Oktibbeha County,47671
Mississippi,Panola County,34699
Mississippi,Pearl River County,55747
Mississippi,Perry County,12250
Mississippi,Pike County,40407
Mississippi,Pontotoc County,29957
Mississippi,Prentiss County,25276
Mississippi,Quitman County,8223
Mississippi,Rankin County,142061
Mississippi,Scott County,28264
Mississippi,Sharkey County,4916
Mississippi,Simpson County,27502
Mississippi,Smith County,16489
Mississippi,Stone County,17786
Mississippi,Sunflower County,29450
Mississippi,Tallahatchie County,15383
Mississippi,Tate County,28882
Mississippi,Tippah County,22232
Mississippi,Tishomingo County,19596
Mississippi,Tunica County,10778
Mississippi,Union County,27134
Mississippi,Walthall County,15443
Mississippi,Warren County,48773
Mississippi,Washington County,51135
Mississippi,Wayne County,20747
Mississippi,Webster County,10252
Mississippi,Wilkinson County,9878
Mississippi,Winston County,19198
Mississippi,Yalobusha County,12678
Mississippi,Yazoo County,28065
Missouri,Adair County,25607
Missouri,Andrew County,17291
Missouri,Atchison County,5685
Missouri,Audrain County,25529
Missouri,Barry County,35597
Missouri,Barton County,12402
Missouri,Bates County,17049
Missouri,Benton County,19056
Missouri,Bollinger County,12363
Missouri,Boone County,162642
Missouri,Buchanan County,89201
Missouri,Butler County,42794
Missouri,Caldwell County,9424
Missouri,Callaway County,44332
Missouri,Camden County,44002
Missouri,Cape Girardeau County,75674
Missouri,Carroll County,9295
Missouri,Carter County,6265
Missouri,Cass County,99475
Missouri,Cedar County,13982
Missouri,Chariton County,7827
Missouri,Christian County,77419
Missouri,Clark County,7129
Missouri,Clay County,221874
Missouri,Clinton County,20743
Missouri,Cole County,75983
Missouri,Cooper County,17601
Missouri,Crawford County,24696
Missouri,Dade County,7883
Missouri,Dallas County,16777
Missouri,Daviess County,8433
Missouri,DeKalb County,12892
Missouri,Dent County,15657
Missouri,Douglas County,13684
Missouri,Dunklin County,31953
Missouri,Franklin County,101491
Missouri,Gasconade County,15221
Missouri,Gentry County,6738
Missouri,Greene County,275178
Missouri,Grundy County,10261
Missouri,Harrison County,8957
Missouri,Henry County,22272
Missouri,Hickory County,9627
Missouri,Holt County,4912
Missouri,Howard County,10148
Missouri,Howell County,40400
Missouri,Iron County,10631
Missouri,Jackson County,674231
Missouri,Jasper County,117404
Missouri,Jefferson County,218729
Missouri,Johnson County,52595
Missouri,Knox County,4131
Missouri,Laclede County,35571
Missouri,Lafayette County,33381
Missouri,Lawrence County,38634
Missouri,Lewis County,10211
Missouri,Lincoln County,52565
Missouri,Linn County,12761
Missouri,Livingston County,15195
Missouri,McDonald County,23083
Missouri,Macon County,15566
Missouri,Madison County,12226
Missouri,Maries County,9178
Missouri,Marion County,28781
Missouri,Mercer County,3785
Missouri,Miller County,24748
Missouri,Mississippi County,14358
Missouri,Moniteau County,15607
Missouri,Monroe County,8840
Missouri,Montgomery County,12236
Missouri,Morgan County,20565
Missouri,New Madrid County,18960
Missouri,Newton County,58112
Missouri,Nodaway County,23370
Missouri,Oregon County,10881
Missouri,Osage County,13885
Missouri,Ozark County,9723
Missouri,Pemiscot County,18296
Missouri,Perry County,18971
Missouri,Pettis County,42201
Missouri,Phelps County,45154
Missouri,Pike County,18516
Missouri,Platte County,89317
Missouri,Polk County,31137
Missouri,Pulaski County,52274
Missouri,Putnam County,4979
Missouri,Ralls County,10167
Missouri,Randolph County,25414
Missouri,Ray County,23494
Missouri,Reynolds County,6694
Missouri,Ripley County,14100
Missouri,St. Charles County,360485
Missouri,St. Clair County,9805
Missouri,Ste. Genevieve County,18142
Missouri,St. Francois County,65365
Missouri,St. Louis County,998883
Missouri,Saline County,23370
Missouri,Schuyler County,4431
Missouri,Scotland County,4853
Missouri,Scott County,39187
Missouri,Shannon County,8441
Missouri,Shelby County,6373
Missouri,Stoddard County,29968
Missouri,Stone County,32208
Missouri,Sullivan County,6714
Missouri,Taney County,51672
Missouri,Texas County,26008
Missouri,Vernon County,21159
Missouri,Warren County,32513
Missouri,Washington County,25196
Missouri,Wayne County,13523
Missouri,Webster County,36202
Missouri,Worth County,2171
Missouri,Wright County,18815
Missouri,St. Louis city,319365
Montana,Beaverhead County,9246
Montana,Big Horn County,12865
Montana,Blaine County,6491
Montana,Broadwater County,5612
Montana,Carbon County,10078
Montana,Carter County,1160
Montana,Cascade County,81327
Montana,Chouteau County,5813
Montana,Custer County,11699
Montana,Daniels County,1751
Montana,Dawson County,8963
Montana,Deer Lodge County,9292
Montana,Fallon County,2890
Montana,Fergus County,11586
Montana,Flathead County,90928
Montana,Gallatin County,89513
Montana,Garfield County,1209
Montana,Glacier County,13399
Montana,Golden Valley County,884
Montana,Granite County,3079
Montana,Hill County,16096
Montana,Jefferson County,11403
Montana,Judith Basin County,2072
Montana,Lake County,28746
Montana,Lewis and Clark County,63395
Montana,Liberty County,2339
Montana,Lincoln County,19687
Montana,McCone County,1734
Montana,Madison County,7691
Montana,Meagher County,1891
Montana,Mineral County,4223
Montana,Missoula County,109299
Montana,Musselshell County,4538
Montana,Park County,15636
Montana,Petroleum County,494
Montana,Phillips County,4253
Montana,Pondera County,6155
Montana,Powder River County,1743
Montana,Powell County,7027
Montana,Prairie County,1179
Montana,Ravalli County,40212
Montana,Richland County,9746
Montana,Roosevelt County,10425
Montana,Rosebud County,9235
Montana,Sanders County,11413
Montana,Sheridan County,3384
Montana,Silver Bow County,34209
Montana,Stillwater County,9117
Montana,Sweet Grass County,3651
Montana,Teton County,6071
Montana,Toole County,5324
Montana,Treasure County,718
Montana,Valley County,7369
Montana,Wheatland County,2168
Montana,Wibaux County,1017
Montana,Yellowstone County,147972
Nebraska,Adams County,31364
Nebraska,Antelope County,6685
Nebraska,Arthur County,460
Nebraska,Banner County,690
Nebraska,Blaine County,478
Nebraska,Boone County,5505
Nebraska,Box Butte County,11308
Nebraska,Boyd County,2099
Nebraska,Brown County,3143
Nebraska,Buffalo County,46102
Nebraska,Burt County,6858
Nebraska,Butler County,8395
Nebraska,Cass County,25241
Nebraska,Cedar County,8852
Nebraska,Chase County,3966
Nebraska,Cherry County,5713
Nebraska,Cheyenne County,9998
Nebraska,Clay County,6542
Nebraska,Colfax County,10515
Nebraska,Cuming County,9139
Nebraska,Custer County,10943
Nebraska,Dakota County,21006
Nebraska,Dawes County,9182
Nebraska,Dawson County,24326
Nebraska,Deuel County,1941
Nebraska,Dixon County,6000
Nebraska,Dodge County,36685
Nebraska,Douglas County,517116
Nebraska,Dundy County,2008
Nebraska,Fillmore County,5890
Nebraska,Franklin County,3225
Nebraska,Frontier County,2756
Nebraska,Furnas County,4959
Nebraska,Gage County,22311
Nebraska,Garden County,2057
Nebraska,Garfield County,2049
Nebraska,Gosper County,2044
Nebraska,Grant County,614
Nebraska,Greeley County,2538
Nebraska,Hall County,58607
Nebraska,Hamilton County,9114
Nebraska,Harlan County,3423
Nebraska,Hayes County,967
Nebraska,Hitchcock County,2908
Nebraska,Holt County,10435
Nebraska,Hooker County,736
Nebraska,Howard County,6274
Nebraska,Jefferson County,7547
Nebraska,Johnson County,5217
Nebraska,Kearney County,6489
Nebraska,Keith County,8368
Nebraska,Keya Paha County,824
Nebraska,Kimball County,3821
Nebraska,Knox County,8701
Nebraska,Lancaster County,285407
Nebraska,Lincoln County,36288
Nebraska,Logan County,763
Nebraska,Loup County,628
Nebraska,McPherson County,539
Nebraska,Madison County,34876
Nebraska,Merrick County,7855
Nebraska,Morrill County,5042
Nebraska,Nance County,3735
Nebraska,Nemaha County,7248
Nebraska,Nuckolls County,4500
Nebraska,Otoe County,15740
Nebraska,Pawnee County,2773
Nebraska,Perkins County,2970
Nebraska,Phelps County,9188
Nebraska,Pierce County,7266
Nebraska,Platte County,32237
Nebraska,Polk County,5406
Nebraska,Red Willow County,11055
Nebraska,Richardson County,8363
Nebraska,Rock County,1528
Nebraska,Saline County,14200
Nebraska,Sarpy County,158840
Nebraska,Saunders County,20780
Nebraska,Scotts Bluff County,36970
Nebraska,Seward County,16750
Nebraska,Sheridan County,5469
Nebraska,Sherman County,3152
Nebraska,Sioux County,1311
Nebraska,Stanton County,6129
Nebraska,Thayer County,5228
Nebraska,Thomas County,647
Nebraska,Thurston County,6940
Nebraska,Valley County,4260
Nebraska,Washington County,20234
Nebraska,Wayne County,9595
Nebraska,Webster County,3812
Nebraska,Wheeler County,818
Nebraska,York County,13665
Nevada,Churchill County,24877
Nevada,Clark County,1951269
Nevada,Douglas County,46997
Nevada,Elko County,48942
Nevada,Esmeralda County,784
Nevada,Eureka County,1987
Nevada,Humboldt County,16525
Nevada,Lander County,5775
Nevada,Lincoln County,5345
Nevada,Lyon County,51980
Nevada,Mineral County,4771
Nevada,Nye County,43945
Nevada,Pershing County,6753
Nevada,Storey County,4010
Nevada,Washoe County,421427
Nevada,White Pine County,10030
Nevada,Carson City,55274
New Hampshire,Belknap County,60092
New Hampshire,Carroll County,47820
New Hampshire,Cheshire County,77117
New Hampshire,Coos County,33052
New Hampshire,Grafton County,89114
New Hampshire,Hillsborough County,400721
New Hampshire,Merrimack County,146442
New Hampshire,Rockingham County,295220
New Hampshire,Strafford County,123146
New Hampshire,Sullivan County,43742
New Jersey,Atlantic County,274549
New Jersey,Bergen County,905117
New Jersey,Burlington County,448728
New Jersey,Camden County,513678
New Jersey,Cape May County,97265
New Jersey,Cumberland County,156898
New Jersey,Essex County,783987
New Jersey,Gloucester County,288288
New Jersey,Hudson County,634277
New Jersey,Hunterdon County,127351
New Jersey,Mercer County,367508
New Jersey,Monmouth County,630378
New Jersey,Morris County,492279
New Jersey,Ocean County,576565
New Jersey,Passaic County,501624
New Jersey,Salem County,66083
New Jersey,Somerset County,323441
New Jersey,Sussex County,148869
New Jersey,Union County,536499
New Jersey,Warren County,108692
New Mexico,Bernalillo County,662555
New Mexico,Catron County,3725
New Mexico,Chaves County,65645
New Mexico,Cibola County,27213
New Mexico,Colfax County,13750
New Mexico,Curry County,48376
New Mexico,De Baca County,2022
New Mexico,Doa Ana County,209241
New Mexico,Eddy County,53829
New Mexico,Grant County,29514
New Mexico,Guadalupe County,4687
New Mexico,Harding County,695
New Mexico,Hidalgo County,4894
New Mexico,Lea County,64727
New Mexico,Lincoln County,20497
New Mexico,Los Alamos County,17950
New Mexico,Luna County,25095
New Mexico,McKinley County,71491
New Mexico,Mora County,4881
New Mexico,Otero County,63799
New Mexico,Quay County,9041
New Mexico,Rio Arriba County,40247
New Mexico,Roosevelt County,19846
New Mexico,Sandoval County,131563
New Mexico,San Juan County,130045
New Mexico,San Miguel County,29393
New Mexico,Santa Fe County,144171
New Mexico,Sierra County,11988
New Mexico,Socorro County,17864
New Mexico,Taos County,32940
New Mexico,Torrance County,16383
New Mexico,Union County,4551
New Mexico,Valencia County,76574
New York,Albany County,304208
New York,Allegany County,48923
New York,Bronx County,1385107
New York,Broome County,200600
New York,Cattaraugus County,80354
New York,Cayuga County,80020
New York,Chautauqua County,134894
New York,Chemung County,88842
New York,Chenango County,50478
New York,Clinton County,82131
New York,Columbia County,63096
New York,Cortland County,49306
New York,Delaware County,47989
New York,Dutchess County,297448
New York,Erie County,919064
New York,Essex County,39361
New York,Franklin County,51606
New York,Fulton County,55524
New York,Genesee County,60033
New York,Greene County,49218
New York,Hamilton County,4843
New York,Herkimer County,64486
New York,Jefferson County,116232
New York,Kings County,2504710
New York,Lewis County,27074
New York,Livingston County,65219
New York,Madison County,73453
New York,Monroe County,744402
New York,Montgomery County,50257
New York,Nassau County,1339762
New York,New York County,1585874
New York,Niagara County,216487
New York,Oneida County,234890
New York,Onondaga County,467027
New York,Ontario County,108097
New York,Orange County,372782
New York,Orleans County,42876
New York,Oswego County,122109
New York,Otsego County,62249
New York,Putnam County,99750
New York,Queens County,2230541
New York,Rensselaer County,159427
New York,Richmond County,468730
New York,Rockland County,311687
New York,St. Lawrence County,111941
New York,Saratoga County,219613
New York,Schenectady County,154721
New York,Schoharie County,32744
New York,Schuyler County,18339
New York,Seneca County,35244
New York,Steuben County,98994
New York,Suffolk County,1493291
New York,Sullivan County,77541
New York,Tioga County,51123
New York,Tompkins County,101594
New York,Ulster County,182531
New York,Warren County,65705
New York,Washington County,63216
New York,Wayne County,93750
New York,Westchester County,949092
New York,Wyoming County,42131
New York,Yates County,25351
North Carolina,Alamance County,151241
North Carolina,Alexander County,37193
North Carolina,Alleghany County,11155
North Carolina,Anson County,26948
North Carolina,Ashe County,27281
North Carolina,Avery County,17795
North Carolina,Beaufort County,47773
North Carolina,Bertie County,21293
North Carolina,Bladen County,35190
North Carolina,Brunswick County,107431
North Carolina,Buncombe County,238308
North Carolina,Burke County,90914
North Carolina,Cabarrus County,178182
North Carolina,Caldwell County,83029
North Carolina,Camden County,9980
North Carolina,Carteret County,66469
North Carolina,Caswell County,23719
North Carolina,Catawba County,154356
North Carolina,Chatham County,63491
North Carolina,Cherokee County,27444
North Carolina,Chowan County,14793
North Carolina,Clay County,10587
North Carolina,Cleveland County,98083
North Carolina,Columbus County,58098
North Carolina,Craven County,103505
North Carolina,Cumberland County,319431
North Carolina,Currituck County,23547
North Carolina,Dare County,33920
North Carolina,Davidson County,162878
North Carolina,Davie County,41222
North Carolina,Duplin County,58505
North Carolina,Durham County,269974
North Carolina,Edgecombe County,56551
North Carolina,Forsyth County,350670
North Carolina,Franklin County,60592
North Carolina,Gaston County,206083
North Carolina,Gates County,12186
North Carolina,Graham County,8861
North Carolina,Granville County,57532
North Carolina,Greene County,21362
North Carolina,Guilford County,488406
North Carolina,Halifax County,54691
North Carolina,Harnett County,114678
North Carolina,Haywood County,59036
North Carolina,Henderson County,106742
North Carolina,Hertford County,24658
North Carolina,Hoke County,46952
North Carolina,Hyde County,5810
North Carolina,Iredell County,159440
North Carolina,Jackson County,40271
North Carolina,Johnston County,168878
North Carolina,Jones County,10153
North Carolina,Lee County,57866
North Carolina,Lenoir County,59495
North Carolina,Lincoln County,78265
North Carolina,McDowell County,44996
North Carolina,Macon County,33922
North Carolina,Madison County,20774
North Carolina,Martin County,24505
North Carolina,Mecklenburg County,919666
North Carolina,Mitchell County,15581
North Carolina,Montgomery County,27798
North Carolina,Moore County,88247
North Carolina,Nash County,95839
North Carolina,New Hanover County,202683
North Carolina,Northampton County,22098
North Carolina,Onslow County,177772
North Carolina,Orange County,133702
North Carolina,Pamlico County,13144
North Carolina,Pasquotank County,40661
North Carolina,Pender County,52201
North Carolina,Perquimans County,13453
North Carolina,Person County,39464
North Carolina,Pitt County,168148
North Carolina,Polk County,20510
North Carolina,Randolph County,141752
North Carolina,Richmond County,46639
North Carolina,Robeson County,134168
North Carolina,Rockingham County,93640
North Carolina,Rowan County,138442
North Carolina,Rutherford County,67809
North Carolina,Sampson County,63431
North Carolina,Scotland County,36157
North Carolina,Stanly County,60585
North Carolina,Stokes County,47401
North Carolina,Surry County,73673
North Carolina,Swain County,13981
North Carolina,Transylvania County,33090
North Carolina,Tyrrell County,4407
North Carolina,Union County,201307
North Carolina,Vance County,45419
North Carolina,Wake County,901021
North Carolina,Warren County,20975
North Carolina,Washington County,13218
North Carolina,Watauga County,51079
North Carolina,Wayne County,122623
North Carolina,Wilkes County,69340
North Carolina,Wilson County,81234
North Carolina,Yadkin County,38406
North Carolina,Yancey County,17818
North Dakota,Adams County,2343
North Dakota,Barnes County,11066
North Dakota,Benson County,6660
North Dakota,Billings County,783
North Dakota,Bottineau County,6429
North Dakota,Bowman County,3151
North Dakota,Burke County,1968
North Dakota,Burleigh County,81308
North Dakota,Cass County,149778
North Dakota,Cavalier County,3993
North Dakota,Dickey County,5289
North Dakota,Divide County,2071
North Dakota,Dunn County,3536
North Dakota,Eddy County,2385
North Dakota,Emmons County,3550
North Dakota,Foster County,3343
North Dakota,Golden Valley County,1680
North Dakota,Grand Forks County,66861
North Dakota,Grant County,2394
North Dakota,Griggs County,2420
North Dakota,Hettinger County,2477
North Dakota,Kidder County,2435
North Dakota,LaMoure County,4139
North Dakota,Logan County,1990
North Dakota,McHenry County,5395
North Dakota,McIntosh County,2809
North Dakota,McKenzie County,6360
North Dakota,McLean County,8962
North Dakota,Mercer County,8424
North Dakota,Morton County,27471
North Dakota,Mountrail County,7673
North Dakota,Nelson County,3126
North Dakota,Oliver County,1846
North Dakota,Pembina County,7413
North Dakota,Pierce County,4357
North Dakota,Ramsey County,11451
North Dakota,Ransom County,5457
North Dakota,Renville County,2470
North Dakota,Richland County,16321
North Dakota,Rolette County,13937
North Dakota,Sargent County,3829
North Dakota,Sheridan County,1321
North Dakota,Sioux County,4153
North Dakota,Slope County,727
North Dakota,Stark County,24199
North Dakota,Steele County,1975
North Dakota,Stutsman County,21100
North Dakota,Towner County,2246
North Dakota,Traill County,8121
North Dakota,Walsh County,11119
North Dakota,Ward County,61675
North Dakota,Wells County,4207
North Dakota,Williams County,22398
Ohio,Adams County,28550
Ohio,Allen County,106331
Ohio,Ashland County,53139
Ohio,Ashtabula County,101497
Ohio,Athens County,64773
Ohio,Auglaize County,45949
Ohio,Belmont County,70400
Ohio,Brown County,44846
Ohio,Butler County,368130
Ohio,Carroll County,28836
Ohio,Champaign County,40097
Ohio,Clark County,138333
Ohio,Clermont County,197363
Ohio,Clinton County,42037
Ohio,Columbiana County,107841
Ohio,Coshocton County,36901
Ohio,Crawford County,43784
Ohio,Cuyahoga County,1280109
Ohio,Darke County,52959
Ohio,Defiance County,39035
Ohio,Delaware County,174189
Ohio,Erie County,77079
Ohio,Fairfield County,146152
Ohio,Fayette County,29030
Ohio,Franklin County,1163545
Ohio,Fulton County,42698
Ohio,Gallia County,30934
Ohio,Geauga County,93410
Ohio,Greene County,161569
Ohio,Guernsey County,40087
Ohio,Hamilton County,802374
Ohio,Hancock County,74782
Ohio,Hardin County,32058
Ohio,Harrison County,15864
Ohio,Henry County,28215
Ohio,Highland County,43589
Ohio,Hocking County,29375
Ohio,Holmes County,42366
Ohio,Huron County,59626
Ohio,Jackson County,33225
Ohio,Jefferson County,69709
Ohio,Knox County,60930
Ohio,Lake County,230038
Ohio,Lawrence County,62450
Ohio,Licking County,166480
Ohio,Logan County,45858
Ohio,Lorain County,301356
Ohio,Lucas County,441815
Ohio,Madison County,43430
Ohio,Mahoning County,238823
Ohio,Marion County,66501
Ohio,Medina County,172333
Ohio,Meigs County,23771
Ohio,Mercer County,40814
Ohio,Miami County,102506
Ohio,Monroe County,14642
Ohio,Montgomery County,535141
Ohio,Morgan County,15048
Ohio,Morrow County,34827
Ohio,Muskingum County,86074
Ohio,Noble County,14645
Ohio,Ottawa County,41434
Ohio,Paulding County,19614
Ohio,Perry County,36052
Ohio,Pickaway County,55698
Ohio,Pike County,28709
Ohio,Portage County,161421
Ohio,Preble County,42270
Ohio,Putnam County,34499
Ohio,Richland County,124475
Ohio,Ross County,78064
Ohio,Sandusky County,60944
Ohio,Scioto County,79499
Ohio,Seneca County,56745
Ohio,Shelby County,49423
Ohio,Stark County,375584
Ohio,Summit County,541786
Ohio,Trumbull County,210307
Ohio,Tuscarawas County,92582
Ohio,Union County,52267
Ohio,Van Wert County,28744
Ohio,Vinton County,13435
Ohio,Warren County,212868
Ohio,Washington County,61778
Ohio,Wayne County,114514
Ohio,Williams County,37642
Ohio,Wood County,125488
Ohio,Wyandot County,22615
Oklahoma,Adair County,22683
Oklahoma,Alfalfa County,5642
Oklahoma,Atoka County,14183
Oklahoma,Beaver County,5636
Oklahoma,Beckham County,22119
Oklahoma,Blaine County,11943
Oklahoma,Bryan County,42416
Oklahoma,Caddo County,29600
Oklahoma,Canadian County,115541
Oklahoma,Carter County,47726
Oklahoma,Cherokee County,46985
Oklahoma,Choctaw County,15205
Oklahoma,Cimarron County,2475
Oklahoma,Cleveland County,255761
Oklahoma,Coal County,5925
Oklahoma,Comanche County,124098
Oklahoma,Cotton County,6193
Oklahoma,Craig County,15025
Oklahoma,Creek County,69967
Oklahoma,Custer County,27469
Oklahoma,Delaware County,41489
Oklahoma,Dewey County,4810
Oklahoma,Ellis County,4151
Oklahoma,Garfield County,60580
Oklahoma,Garvin County,27576
Oklahoma,Grady County,52431
Oklahoma,Grant County,4527
Oklahoma,Greer County,6239
Oklahoma,Harmon County,2922
Oklahoma,Harper County,3685
Oklahoma,Haskell County,12769
Oklahoma,Hughes County,14003
Oklahoma,Jackson County,26446
Oklahoma,Jefferson County,6472
Oklahoma,Johnston County,10957
Oklahoma,Kay County,46562
Oklahoma,Kingfisher County,15029
Oklahoma,Kiowa County,9446
Oklahoma,Latimer County,11154
Oklahoma,Le Flore County,50384
Oklahoma,Lincoln County,34273
Oklahoma,Logan County,41853
Oklahoma,Love County,9421
Oklahoma,McClain County,34506
Oklahoma,McCurtain County,33154
Oklahoma,McIntosh County,20252
Oklahoma,Major County,7527
Oklahoma,Marshall County,15836
Oklahoma,Mayes County,41264
Oklahoma,Murray County,13488
Oklahoma,Muskogee County,70988
Oklahoma,Noble County,11561
Oklahoma,Nowata County,10536
Oklahoma,Okfuskee County,12191
Oklahoma,Oklahoma County,718627
Oklahoma,Okmulgee County,40069
Oklahoma,Osage County,47480
Oklahoma,Ottawa County,31848
Oklahoma,Pawnee County,16579
Oklahoma,Payne County,77350
Oklahoma,Pittsburg County,45837
Oklahoma,Pontotoc County,37492
Oklahoma,Pottawatomie County,69442
Oklahoma,Pushmataha County,11572
Oklahoma,Roger Mills County,3647
Oklahoma,Rogers County,86906
Oklahoma,Seminole County,25482
Oklahoma,Sequoyah County,42439
Oklahoma,Stephens County,45048
Oklahoma,Texas County,20640
Oklahoma,Tillman County,7992
Oklahoma,Tulsa County,603440
Oklahoma,Wagoner County,73087
Oklahoma,Washington County,50977
Oklahoma,Washita County,11629
Oklahoma,Woods County,8878
Oklahoma,Woodward County,20081
Oregon,Baker County,16138
Oregon,Benton County,85581
Oregon,Clackamas County,375998
Oregon,Clatsop County,37037
Oregon,Columbia County,49353
Oregon,Coos County,63043
Oregon,Crook County,20978
Oregon,Curry County,22364
Oregon,Deschutes County,157733
Oregon,Douglas County,107667
Oregon,Gilliam County,1871
Oregon,Grant County,7445
Oregon,Harney County,7422
Oregon,Hood River County,22346
Oregon,Jackson County,203206
Oregon,Jefferson County,21720
Oregon,Josephine County,82713
Oregon,Klamath County,66380
Oregon,Lake County,7895
Oregon,Lane County,351715
Oregon,Lincoln County,46032
Oregon,Linn County,116672
Oregon,Malheur County,31312
Oregon,Marion County,315335
Oregon,Morrow County,11173
Oregon,Multnomah County,735189
Oregon,Polk County,75403
Oregon,Sherman County,1765
Oregon,Tillamook County,25250
Oregon,Umatilla County,75889
Oregon,Union County,25744
Oregon,Wallowa County,7008
Oregon,Wasco County,25213
Oregon,Washington County,529849
Oregon,Wheeler County,1441
Oregon,Yamhill County,99193
Pennsylvania,Adams County,101417
Pennsylvania,Allegheny County,1223348
Pennsylvania,Armstrong County,68938
Pennsylvania,Beaver County,170539
Pennsylvania,Bedford County,49768
Pennsylvania,Berks County,411572
Pennsylvania,Blair County,127078
Pennsylvania,Bradford County,62622
Pennsylvania,Bucks County,625255
Pennsylvania,Butler County,183862
Pennsylvania,Cambria County,143674
Pennsylvania,Cameron County,5085
Pennsylvania,Carbon County,65250
Pennsylvania,Centre County,153981
Pennsylvania,Chester County,499146
Pennsylvania,Clarion County,39989
Pennsylvania,Clearfield County,81644
Pennsylvania,Clinton County,39241
Pennsylvania,Columbia County,67296
Pennsylvania,Crawford County,88765
Pennsylvania,Cumberland County,235408
Pennsylvania,Dauphin County,268100
Pennsylvania,Delaware County,558726
Pennsylvania,Elk County,31946
Pennsylvania,Erie County,280566
Pennsylvania,Fayette County,136607
Pennsylvania,Forest County,7716
Pennsylvania,Franklin County,149618
Pennsylvania,Fulton County,14844
Pennsylvania,Greene County,38686
Pennsylvania,Huntingdon County,46027
Pennsylvania,Indiana County,88893
Pennsylvania,Jefferson County,45199
Pennsylvania,Juniata County,24636
Pennsylvania,Lackawanna County,214436
Pennsylvania,Lancaster County,519448
Pennsylvania,Lawrence County,91140
Pennsylvania,Lebanon County,133577
Pennsylvania,Lehigh County,349626
Pennsylvania,Luzerne County,320918
Pennsylvania,Lycoming County,116108
Pennsylvania,McKean County,43450
Pennsylvania,Mercer County,116674
Pennsylvania,Mifflin County,46683
Pennsylvania,Monroe County,169842
Pennsylvania,Montgomery County,799884
Pennsylvania,Montour County,18267
Pennsylvania,Northampton County,297735
Pennsylvania,Northumberland County,94514
Pennsylvania,Perry County,45965
Pennsylvania,Philadelphia County,1526006
Pennsylvania,Pike County,57366
Pennsylvania,Potter County,17458
Pennsylvania,Schuylkill County,148289
Pennsylvania,Snyder County,39709
Pennsylvania,Somerset County,77748
Pennsylvania,Sullivan County,6428
Pennsylvania,Susquehanna County,43356
Pennsylvania,Tioga County,41983
Pennsylvania,Union County,44949
Pennsylvania,Venango County,54983
Pennsylvania,Warren County,41815
Pennsylvania,Washington County,207820
Pennsylvania,Wayne County,52825
Pennsylvania,Westmoreland County,365169
Pennsylvania,Wyoming County,28276
Pennsylvania,York County,434998
Rhode Island,Bristol County,49875
Rhode Island,Kent County,166158
Rhode Island,Newport County,83141
Rhode Island,Providence County,626663
Rhode Island,Washington County,127094
South Carolina,Abbeville County,25416
South Carolina,Aiken County,160106
South Carolina,Allendale County,10419
South Carolina,Anderson County,187123
South Carolina,Bamberg County,15987
South Carolina,Barnwell County,22621
South Carolina,Beaufort County,162233
South Carolina,Berkeley County,177850
South Carolina,Calhoun County,15176
South Carolina,Charleston County,350204
South Carolina,Cherokee County,55467
South Carolina,Chester County,33140
South Carolina,Chesterfield County,46738
South Carolina,Clarendon County,34966
South Carolina,Colleton County,38892
South Carolina,Darlington County,68683
South Carolina,Dillon County,32062
South Carolina,Dorchester County,136589
South Carolina,Edgefield County,26978
South Carolina,Fairfield County,23956
South Carolina,Florence County,136888
South Carolina,Georgetown County,60158
South Carolina,Greenville County,451219
South Carolina,Greenwood County,69661
South Carolina,Hampton County,21090
South Carolina,Horry County,269291
South Carolina,Jasper County,24777
South Carolina,Kershaw County,61570
South Carolina,Lancaster County,76652
South Carolina,Laurens County,66539
South Carolina,Lee County,19222
South Carolina,Lexington County,262397
South Carolina,McCormick County,10233
South Carolina,Marion County,33062
South Carolina,Marlboro County,28933
South Carolina,Newberry County,37508
South Carolina,Oconee County,74275
South Carolina,Orangeburg County,92495
South Carolina,Pickens County,119226
South Carolina,Richland County,384506
South Carolina,Saluda County,19872
South Carolina,Spartanburg County,284305
South Carolina,Sumter County,107463
South Carolina,Union County,28963
South Carolina,Williamsburg County,34419
South Carolina,York County,226071
South Dakota,Aurora County,2710
South Dakota,Beadle County,17398
South Dakota,Bennett County,3431
South Dakota,Bon Homme County,7067
South Dakota,Brookings County,31965
South Dakota,Brown County,36531
South Dakota,Brule County,5255
South Dakota,Buffalo County,1912
South Dakota,Butte County,10110
South Dakota,Campbell County,1466
South Dakota,Charles Mix County,9129
South Dakota,Clark County,3691
South Dakota,Clay County,13864
South Dakota,Codington County,27227
South Dakota,Corson County,4050
South Dakota,Custer County,8216
South Dakota,Davison County,19504
South Dakota,Day County,5710
South Dakota,Deuel County,4364
South Dakota,Dewey County,5301
South Dakota,Douglas County,3002
South Dakota,Edmunds County,4071
South Dakota,Fall River County,7094
South Dakota,Faulk County,2364
South Dakota,Grant County,7356
South Dakota,Gregory County,4271
South Dakota,Haakon County,1937
South Dakota,Hamlin County,5903
South Dakota,Hand County,3431
South Dakota,Hanson County,3331
South Dakota,Harding County,1255
South Dakota,Hughes County,17022
South Dakota,Hutchinson County,7343
South Dakota,Hyde County,1420
South Dakota,Jackson County,3031
South Dakota,Jerauld County,2071
South Dakota,Jones County,1006
South Dakota,Kingsbury County,5148
South Dakota,Lake County,11200
South Dakota,Lawrence County,24097
South Dakota,Lincoln County,44823
South Dakota,Lyman County,3755
South Dakota,McCook County,5618
South Dakota,McPherson County,2459
South Dakota,Marshall County,4656
South Dakota,Meade County,25456
South Dakota,Mellette County,2048
South Dakota,Miner County,2389
South Dakota,Minnehaha County,169476
South Dakota,Moody County,6486
South Dakota,Oglala Lakota County,13586
South Dakota,Pennington County,100937
South Dakota,Perkins County,2982
South Dakota,Potter County,2329
South Dakota,Roberts County,10149
South Dakota,Sanborn County,2355
South Dakota,Spink County,6415
South Dakota,Stanley County,2966
South Dakota,Sully County,1373
South Dakota,Todd County,9612
South Dakota,Tripp County,5644
South Dakota,Turner County,8347
South Dakota,Union County,14399
South Dakota,Walworth County,5438
South Dakota,Yankton County,22438
South Dakota,Ziebach County,2801
Tennessee,Anderson County,75126
Tennessee,Bedford County,45058
Tennessee,Benton County,16489
Tennessee,Bledsoe County,12869
Tennessee,Blount County,123016
Tennessee,Bradley County,98963
Tennessee,Campbell County,40716
Tennessee,Cannon County,13801
Tennessee,Carroll County,28505
Tennessee,Carter County,57424
Tennessee,Cheatham County,39108
Tennessee,Chester County,17131
Tennessee,Claiborne County,32213
Tennessee,Clay County,7860
Tennessee,Cocke County,35662
Tennessee,Coffee County,52795
Tennessee,Crockett County,14584
Tennessee,Cumberland County,56050
Tennessee,Davidson County,626662
Tennessee,Decatur County,11750
Tennessee,DeKalb County,18721
Tennessee,Dickson County,49654
Tennessee,Dyer County,38337
Tennessee,Fayette County,38413
Tennessee,Fentress County,17959
Tennessee,Franklin County,41052
Tennessee,Gibson County,49683
Tennessee,Giles County,29485
Tennessee,Grainger County,22652
Tennessee,Greene County,68831
Tennessee,Grundy County,13708
Tennessee,Hamblen County,62541
Tennessee,Hamilton County,336465
Tennessee,Hancock County,6819
Tennessee,Hardeman County,27253
Tennessee,Hardin County,26025
Tennessee,Hawkins County,56836
Tennessee,Haywood County,18787
Tennessee,Henderson County,27793
Tennessee,Henry County,32330
Tennessee,Hickman County,24699
Tennessee,Houston County,8426
Tennessee,Humphreys County,18538
Tennessee,Jackson County,11614
Tennessee,Jefferson County,51570
Tennessee,Johnson County,18244
Tennessee,Knox County,432234
Tennessee,Lake County,7832
Tennessee,Lauderdale County,27815
Tennessee,Lawrence County,41869
Tennessee,Lewis County,12161
Tennessee,Lincoln County,33361
Tennessee,Loudon County,48559
Tennessee,McMinn County,52266
Tennessee,McNairy County,26076
Tennessee,Macon County,22242
Tennessee,Madison County,98294
Tennessee,Marion County,28232
Tennessee,Marshall County,30617
Tennessee,Maury County,80959
Tennessee,Meigs County,11753
Tennessee,Monroe County,44517
Tennessee,Montgomery County,172337
Tennessee,Moore County,6362
Tennessee,Morgan County,21987
Tennessee,Obion County,31807
Tennessee,Overton County,22078
Tennessee,Perry County,7915
Tennessee,Pickett County,5077
Tennessee,Polk County,16825
Tennessee,Putnam County,72367
Tennessee,Rhea County,31809
Tennessee,Roane County,54180
Tennessee,Robertson County,66288
Tennessee,Rutherford County,262604
Tennessee,Scott County,22228
Tennessee,Sequatchie County,14119
Tennessee,Sevier County,89876
Tennessee,Shelby County,927640
Tennessee,Smith County,19162
Tennessee,Stewart County,13324
Tennessee,Sullivan County,156823
Tennessee,Sumner County,160657
Tennessee,Tipton County,61081
Tennessee,Trousdale County,7869
Tennessee,Unicoi County,18313
Tennessee,Union County,19109
Tennessee,Van Buren County,5548
Tennessee,Warren County,39840
Tennessee,Washington County,122979
Tennessee,Wayne County,17021
Tennessee,Weakley County,35021
Tennessee,White County,25834
Tennessee,Williamson County,183180
Tennessee,Wilson County,114011
Texas,Anderson County,58458
Texas,Andrews County,14786
Texas,Angelina County,86771
Texas,Aransas County,23158
Texas,Archer County,9055
Texas,Armstrong County,1901
Texas,Atascosa County,44911
Texas,Austin County,28411
Texas,Bailey County,7165
Texas,Bandera County,20485
Texas,Bastrop County,74169
Texas,Baylor County,3726
Texas,Bee County,31861
Texas,Bell County,310238
Texas,Bexar County,1714774
Texas,Blanco County,10491
Texas,Borden County,641
Texas,Bosque County,18212
Texas,Bowie County,92565
Texas,Brazoria County,313127
Texas,Brazos County,194851
Texas,Brewster County,9232
Texas,Briscoe County,1637
Texas,Brooks County,7223
Texas,Brown County,38106
Texas,Burleson County,17187
Texas,Burnet County,42727
Texas,Caldwell County,38057
Texas,Calhoun County,21381
Texas,Callahan County,13544
Texas,Cameron County,406219
Texas,Camp County,12401
Texas,Carson County,6182
Texas,Cass County,30464
Texas,Castro County,8062
Texas,Chambers County,35096
Texas,Cherokee County,50836
Texas,Childress County,7041
Texas,Clay County,10752
Texas,Cochran County,3127
Texas,Coke County,3319
Texas,Coleman County,8895
Texas,Collin County,782351
Texas,Collingsworth County,3057
Texas,Colorado County,20874
Texas,Comal County,108477
Texas,Comanche County,13974
Texas,Concho County,4087
Texas,Cooke County,38437
Texas,Coryell County,75388
Texas,Cottle County,1505
Texas,Crane County,4375
Texas,Crockett County,3719
Texas,Crosby County,6059
Texas,Culberson County,2398
Texas,Dallam County,6703
Texas,Dallas County,2367643
Texas,Dawson County,13833
Texas,Deaf Smith County,19372
Texas,Delta County,5231
Texas,Denton County,662615
Texas,DeWitt County,20097
Texas,Dickens County,2444
Texas,Dimmit County,9996
Texas,Donley County,3728
Texas,Duval County,11782
Texas,Eastland County,18583
Texas,Ector County,137133
Texas,Edwards County,2002
Texas,Ellis County,149610
Texas,El Paso County,800647
Texas,Erath County,37890
Texas,Falls County,17866
Texas,Fannin County,33915
Texas,Fayette County,24554
Texas,Fisher County,3974
Texas,Floyd County,6446
Texas,Foard County,1336
Texas,Fort Bend County,584832
Texas,Franklin County,10605
Texas,Freestone County,19817
Texas,Frio County,17217
Texas,Gaines County,17526
Texas,Galveston County,291304
Texas,Garza County,6461
Texas,Gillespie County,24837
Texas,Glasscock County,1226
Texas,Goliad County,7210
Texas,Gonzales County,19807
Texas,Gray County,22535
Texas,Grayson County,120873
Texas,Gregg County,121764
Texas,Grimes County,26568
Texas,Guadalupe County,131537
Texas,Hale County,36273
Texas,Hall County,3353
Texas,Hamilton County,8517
Texas,Hansford County,5613
Texas,Hardeman County,4139
Texas,Hardin County,54635
Texas,Harris County,4093076
Texas,Harrison County,65629
Texas,Hartley County,6062
Texas,Haskell County,5899
Texas,Hays County,157127
Texas,Hemphill County,3807
Texas,Henderson County,78536
Texas,Hidalgo County,774774
Texas,Hill County,35089
Texas,Hockley County,22935
Texas,Hood County,51173
Texas,Hopkins County,35161
Texas,Houston County,23732
Texas,Howard County,35012
Texas,Hudspeth County,3476
Texas,Hunt County,86129
Texas,Hutchinson County,22249
Texas,Irion County,1599
Texas,Jack County,9044
Texas,Jackson County,14075
Texas,Jasper County,35710
Texas,Jeff Davis County,2342
Texas,Jefferson County,252273
Texas,Jim Hogg County,5300
Texas,Jim Wells County,40838
Texas,Johnson County,150943
Texas,Jones County,20198
Texas,Karnes County,14824
Texas,Kaufman County,103346
Texas,Kendall County,33415
Texas,Kenedy County,416
Texas,Kent County,808
Texas,Kerr County,49625
Texas,Kimble County,4607
Texas,King County,286
Texas,Kinney County,3598
Texas,Kleberg County,32061
Texas,Knox County,3719
Texas,Lamar County,49789
Texas,Lamb County,13977
Texas,Lampasas County,19677
Texas,La Salle County,6886
Texas,Lavaca County,19263
Texas,Lee County,16610
Texas,Leon County,16801
Texas,Liberty County,75646
Texas,Limestone County,23386
Texas,Lipscomb County,3302
Texas,Live Oak County,11528
Texas,Llano County,19301
Texas,Loving County,82
Texas,Lubbock County,278831
Texas,Lynn County,5915
Texas,McCulloch County,8283
Texas,McLennan County,234906
Texas,McMullen County,707
Texas,Madison County,13667
Texas,Marion County,10536
Texas,Martin County,4799
Texas,Mason County,4012
Texas,Matagorda County,36702
Texas,Maverick County,54258
Texas,Medina County,46006
Texas,Menard County,2242
Texas,Midland County,136875
Texas,Milam County,24753
Texas,Mills County,4936
Texas,Mitchell County,9403
Texas,Montague County,19720
Texas,Montgomery County,455764
Texas,Moore County,21904
Texas,Morris County,12934
Texas,Motley County,1210
Texas,Nacogdoches County,64524
Texas,Navarro County,47831
Texas,Newton County,14445
Texas,Nolan County,15217
Texas,Nueces County,340223
Texas,Ochiltree County,10223
Texas,Oldham County,2052
Texas,Orange County,81837
Texas,Palo Pinto County,28111
Texas,Panola County,23796
Texas,Parker County,116927
Texas,Parmer County,10269
Texas,Pecos County,15507
Texas,Polk County,45413
Texas,Potter County,121073
Texas,Presidio County,7817
Texas,Rains County,10914
Texas,Randall County,120725
Texas,Reagan County,3367
Texas,Real County,3309
Texas,Red River County,12864
Texas,Reeves County,13783
Texas,Refugio County,7383
Texas,Roberts County,929
Texas,Robertson County,16622
Texas,Rockwall County,78337
Texas,Runnels County,10501
Texas,Rusk County,53304
Texas,Sabine County,10835
Texas,San Augustine County,8864
Texas,San Jacinto County,26378
Texas,San Patricio County,64807
Texas,San Saba County,6131
Texas,Schleicher County,3461
Texas,Scurry County,16921
Texas,Shackelford County,3378
Texas,Shelby County,25448
Texas,Sherman County,3034
Texas,Smith County,209721
Texas,Somervell County,8490
Texas,Starr County,60968
Texas,Stephens County,9630
Texas,Sterling County,1143
Texas,Stonewall County,1490
Texas,Sutton County,4128
Texas,Swisher County,7854
Texas,Tarrant County,1809531
Texas,Taylor County,131510
Texas,Terrell County,984
Texas,Terry County,12651
Texas,Throckmorton County,1641
Texas,Titus County,32334
Texas,Tom Green County,110224
Texas,Travis County,1024347
Texas,Trinity County,14675
Texas,Tyler County,21766
Texas,Upshur County,39316
Texas,Upton County,3349
Texas,Uvalde County,26405
Texas,Val Verde County,48879
Texas,Van Zandt County,52582
Texas,Victoria County,86793
Texas,Walker County,67861
Texas,Waller County,43237
Texas,Ward County,10658
Texas,Washington County,33708
Texas,Webb County,250304
Texas,Wharton County,41280
Texas,Wheeler County,5410
Texas,Wichita County,131669
Texas,Wilbarger County,13535
Texas,Willacy County,22134
Texas,Williamson County,422613
Texas,Wilson County,42913
Texas,Winkler County,7110
Texas,Wise County,59119
Texas,Wood County,41961
Texas,Yoakum County,7879
Texas,Young County,18550
Texas,Zapata County,14018
Texas,Zavala County,11677
Utah,Beaver County,6629
Utah,Box Elder County,49975
Utah,Cache County,112656
Utah,Carbon County,21403
Utah,Daggett County,1061
Utah,Davis County,306486
Utah,Duchesne County,18609
Utah,Emery County,10976
Utah,Garfield County,5172
Utah,Grand County,9225
Utah,Iron County,46163
Utah,Juab County,10246
Utah,Kane County,7125
Utah,Millard County,12503
Utah,Morgan County,9469
Utah,Piute County,1557
Utah,Rich County,2264
Utah,Salt Lake County,1029581
Utah,San Juan County,14749
Utah,Sanpete County,27822
Utah,Sevier County,20801
Utah,Summit County,36327
Utah,Tooele County,58218
Utah,Uintah County,32584
Utah,Utah County,516640
Utah,Wasatch County,23525
Utah,Washington County,138115
Utah,Wayne County,2778
Utah,Weber County,231229
Vermont,Addison County,36824
Vermont,Bennington County,37125
Vermont,Caledonia County,31232
Vermont,Chittenden County,156540
Vermont,Essex County,6306
Vermont,Franklin County,47752
Vermont,Grand Isle County,6970
Vermont,Lamoille County,24475
Vermont,Orange County,28936
Vermont,Orleans County,27234
Vermont,Rutland County,61646
Vermont,Washington County,59526
Vermont,Windham County,44513
Vermont,Windsor County,56666
Virginia,Accomack County,33164
Virginia,Albemarle County,98998
Virginia,Alleghany County,16261
Virginia,Amelia County,12695
Virginia,Amherst County,32354
Virginia,Appomattox County,14975
Virginia,Arlington County,207676
Virginia,Augusta County,73736
Virginia,Bath County,4727
Virginia,Bedford County,74871
Virginia,Bland County,6824
Virginia,Botetourt County,33148
Virginia,Brunswick County,17432
Virginia,Buchanan County,24095
Virginia,Buckingham County,17140
Virginia,Campbell County,54851
Virginia,Caroline County,28558
Virginia,Carroll County,30087
Virginia,Charles City County,7256
Virginia,Charlotte County,12575
Virginia,Chesterfield County,316231
Virginia,Clarke County,14029
Virginia,Craig County,5173
Virginia,Culpeper County,46691
Virginia,Cumberland County,10055
Virginia,Dickenson County,15892
Virginia,Dinwiddie County,28001
Virginia,Essex County,11146
Virginia,Fairfax County,1081685
Virginia,Fauquier County,65275
Virginia,Floyd County,15293
Virginia,Fluvanna County,25704
Virginia,Franklin County,56155
Virginia,Frederick County,78308
Virginia,Giles County,17286
Virginia,Gloucester County,36858
Virginia,Goochland County,21699
Virginia,Grayson County,15551
Virginia,Greene County,18410
Virginia,Greensville County,12243
Virginia,Halifax County,36241
Virginia,Hanover County,99850
Virginia,Henrico County,306979
Virginia,Henry County,54143
Virginia,Highland County,2319
Virginia,Isle of Wight County,35270
Virginia,James City County,67401
Virginia,King and Queen County,6945
Virginia,King George County,23584
Virginia,King William County,15927
Virginia,Lancaster County,11395
Virginia,Lee County,25586
Virginia,Loudoun County,312336
Virginia,Louisa County,33223
Virginia,Lunenburg County,12916
Virginia,Madison County,13308
Virginia,Mathews County,8976
Virginia,Mecklenburg County,32727
Virginia,Middlesex County,10959
Virginia,Montgomery County,94412
Virginia,Nelson County,15020
Virginia,New Kent County,18432
Virginia,Northampton County,12389
Virginia,Northumberland County,12326
Virginia,Nottoway County,15852
Virginia,Orange County,33434
Virginia,Page County,24055
Virginia,Patrick County,18487
Virginia,Pittsylvania County,63504
Virginia,Powhatan County,28046
Virginia,Prince Edward County,23360
Virginia,Prince George County,35724
Virginia,Prince William County,401972
Virginia,Pulaski County,34859
Virginia,Rappahannock County,7506
Virginia,Richmond County,9254
Virginia,Roanoke County,92439
Virginia,Rockbridge County,22310
Virginia,Rockingham County,76310
Virginia,Russell County,28896
Virginia,Scott County,23172
Virginia,Shenandoah County,41993
Virginia,Smyth County,32208
Virginia,Southampton County,18570
Virginia,Spotsylvania County,122660
Virginia,Stafford County,128952
Virginia,Surry County,7065
Virginia,Sussex County,12083
Virginia,Tazewell County,45078
Virginia,Warren County,37431
Virginia,Washington County,54870
Virginia,Westmoreland County,17454
Virginia,Wise County,41476
Virginia,Wythe County,29232
Virginia,York County,65191
Virginia,Alexandria city,140006
Virginia,Bristol city,17841
Virginia,Buena Vista city,6651
Virginia,Charlottesville city,43435
Virginia,Chesapeake city,222209
Virginia,Colonial Heights city,17413
Virginia,Covington city,5954
Virginia,Danville city,43059
Virginia,Emporia city,5927
Virginia,Fairfax city,22542
Virginia,Falls Church city,12289
Virginia,Franklin city,8580
Virginia,Fredericksburg city,24023
Virginia,Galax city,6989
Virginia,Hampton city,137510
Virginia,Harrisonburg city,48907
Virginia,Hopewell city,22591
Virginia,Lexington city,7038
Virginia,Lynchburg city,75608
Virginia,Manassas city,37839
Virginia,Manassas Park city,14241
Virginia,Martinsville city,13821
Virginia,Newport News city,180911
Virginia,Norfolk city,242831
Virginia,Norton city,3951
Virginia,Petersburg city,32420
Virginia,Poquoson city,12157
Virginia,Portsmouth city,95535
Virginia,Radford city,16408
Virginia,Richmond city,204175
Virginia,Roanoke city,96919
Virginia,Salem city,24848
Virginia,Staunton city,23746
Virginia,Suffolk city,84596
Virginia,Virginia Beach city,437966
Virginia,Waynesboro city,21020
Virginia,Williamsburg city,13673
Virginia,Winchester city,26201
Washington,Adams County,18728
Washington,Asotin County,21623
Washington,Benton County,175177
Washington,Chelan County,72456
Washington,Clallam County,71404
Washington,Clark County,425363
Washington,Columbia County,4078
Washington,Cowlitz County,102410
Washington,Douglas County,38431
Washington,Ferry County,7551
Washington,Franklin County,78163
Washington,Garfield County,2266
Washington,Grant County,89120
Washington,Grays Harbor County,72797
Washington,Island County,78506
Washington,Jefferson County,29872
Washington,King County,1931256
Washington,Kitsap County,251133
Washington,Kittitas County,40909
Washington,Klickitat County,20318
Washington,Lewis County,75455
Washington,Lincoln County,10570
Washington,Mason County,60699
Washington,Okanogan County,41120
Washington,Pacific County,20920
Washington,Pend Oreille County,13001
Washington,Pierce County,795229
Washington,San Juan County,15769
Washington,Skagit County,116901
Washington,Skamania County,11066
Washington,Snohomish County,713330
Washington,Spokane County,471221
Washington,Stevens County,43531
Washington,Thurston County,252264
Washington,Wahkiakum County,3978
Washington,Walla Walla County,58781
Washington,Whatcom County,201140
Washington,Whitman County,44776
Washington,Yakima County,243231
West Virginia,West Virginia,1853011
West Virginia,Barbour County,16589
West Virginia,Berkeley County,104172
West Virginia,Boone County,24627
West Virginia,Braxton County,14519
West Virginia,Brooke County,24071
West Virginia,Cabell County,96316
West Virginia,Calhoun County,7627
West Virginia,Clay County,9386
West Virginia,Doddridge County,8198
West Virginia,Fayette County,46039
West Virginia,Gilmer County,8697
West Virginia,Grant County,11937
West Virginia,Greenbrier County,35480
West Virginia,Hampshire County,23964
West Virginia,Hancock County,30675
West Virginia,Hardy County,14025
West Virginia,Harrison County,69108
West Virginia,Jackson County,29211
West Virginia,Jefferson County,53488
West Virginia,Kanawha County,193058
West Virginia,Lewis County,16372
West Virginia,Lincoln County,21720
West Virginia,Logan County,36745
West Virginia,McDowell County,22111
West Virginia,Marion County,56418
West Virginia,Marshall County,33107
West Virginia,Mason County,27326
West Virginia,Mercer County,62267
West Virginia,Mineral County,28212
West Virginia,Mingo County,26834
West Virginia,Monongalia County,96189
West Virginia,Monroe County,13500
West Virginia,Morgan County,17541
West Virginia,Nicholas County,26233
West Virginia,Ohio County,44442
West Virginia,Pendleton County,7695
West Virginia,Pleasants County,7605
West Virginia,Pocahontas County,8722
West Virginia,Preston County,33520
West Virginia,Putnam County,55508
West Virginia,Raleigh County,78862
West Virginia,Randolph County,29405
West Virginia,Ritchie County,10449
West Virginia,Roane County,14926
West Virginia,Summers County,13927
West Virginia,Taylor County,16890
West Virginia,Tucker County,7141
West Virginia,Tyler County,9211
West Virginia,Upshur County,24254
West Virginia,Wayne County,42484
West Virginia,Webster County,9154
West Virginia,Wetzel County,16580
West Virginia,Wirt County,5717
West Virginia,Wood County,86956
West Virginia,Wyoming County,23801
Wisconsin,Adams County,20875
Wisconsin,Ashland County,16157
Wisconsin,Barron County,45870
Wisconsin,Bayfield County,15014
Wisconsin,Brown County,248007
Wisconsin,Buffalo County,13587
Wisconsin,Burnett County,15457
Wisconsin,Calumet County,48971
Wisconsin,Chippewa County,62505
Wisconsin,Clark County,34691
Wisconsin,Columbia County,56833
Wisconsin,Crawford County,16644
Wisconsin,Dane County,488075
Wisconsin,Dodge County,88761
Wisconsin,Door County,27785
Wisconsin,Douglas County,44159
Wisconsin,Dunn County,43857
Wisconsin,Eau Claire County,98885
Wisconsin,Florence County,4423
Wisconsin,Fond du Lac County,101633
Wisconsin,Forest County,9304
Wisconsin,Grant County,51208
Wisconsin,Green County,36842
Wisconsin,Green Lake County,19051
Wisconsin,Iowa County,23687
Wisconsin,Iron County,5916
Wisconsin,Jackson County,20441
Wisconsin,Jefferson County,83681
Wisconsin,Juneau County,26664
Wisconsin,Kenosha County,166426
Wisconsin,Kewaunee County,20574
Wisconsin,La Crosse County,114638
Wisconsin,Lafayette County,16836
Wisconsin,Langlade County,19977
Wisconsin,Lincoln County,28743
Wisconsin,Manitowoc County,81442
Wisconsin,Marathon County,134063
Wisconsin,Marinette County,41749
Wisconsin,Marquette County,15404
Wisconsin,Menominee County,4232
Wisconsin,Milwaukee County,947736
Wisconsin,Monroe County,44675
Wisconsin,Oconto County,37660
Wisconsin,Oneida County,35998
Wisconsin,Outagamie County,176695
Wisconsin,Ozaukee County,86395
Wisconsin,Pepin County,7469
Wisconsin,Pierce County,41019
Wisconsin,Polk County,44205
Wisconsin,Portage County,70019
Wisconsin,Price County,14159
Wisconsin,Racine County,195428
Wisconsin,Richland County,18021
Wisconsin,Rock County,160331
Wisconsin,Rusk County,14755
Wisconsin,St. Croix County,84345
Wisconsin,Sauk County,61976
Wisconsin,Sawyer County,16557
Wisconsin,Shawano County,41955
Wisconsin,Sheboygan County,115507
Wisconsin,Taylor County,20689
Wisconsin,Trempealeau County,28816
Wisconsin,Vernon County,29771
Wisconsin,Vilas County,21430
Wisconsin,Walworth County,102228
Wisconsin,Washburn County,15911
Wisconsin,Washington County,131885
Wisconsin,Waukesha County,389938
Wisconsin,Waupaca County,52410
Wisconsin,Waushara County,24496
Wisconsin,Winnebago County,166994
Wisconsin,Wood County,74749
Wyoming,Albany County,36299
Wyoming,Big Horn County,11668
Wyoming,Campbell County,46133
Wyoming,Carbon County,15885
Wyoming,Converse County,13833
Wyoming,Crook County,7083
Wyoming,Fremont County,40123
Wyoming,Goshen County,13247
Wyoming,Hot Springs County,4812
Wyoming,Johnson County,8569
Wyoming,Laramie County,91881
Wyoming,Lincoln County,18106
Wyoming,Natrona County,75450
Wyoming,Niobrara County,2484
Wyoming,Park County,28205
Wyoming,Platte County,8667
Wyoming,Sheridan County,29116
Wyoming,Sublette County,10247
Wyoming,Sweetwater County,43806
Wyoming,Teton County,21294
Wyoming,Uinta County,21118
Wyoming,Washakie County,8533
Wyoming,Weston County,7208
